timestamp,exercise_type,shoulder_height_diff,hip_height_diff,knee_height_diff,ankle_height_diff,elbow_height_diff,wrist_height_diff,ear_height_diff,squat_angle,plank_angle,left_shoulder_x,left_shoulder_y,right_shoulder_y,right_shoulder_x,left_hip_x,left_hip_y,right_hip_x,right_hip_y,left_knee_x,left_knee_y,right_knee_y,right_knee_x,left_ankle_x,left_ankle_y,right_ankle_x,right_ankle_y,left_elbow_x,left_elbow_y,right_elbow_x,right_elbow_y,left_wrist_x,left_wrist_y,right_wrist_x,right_wrist_y,left_ear_x,left_ear_y,right_ear_x,right_ear_y,""
1761241908078,SQUAT,28.364563,7.3941345,12.3706665,7.7296753,48.377472,20.702362,9.500671,NaN,NaN,319.76495,221.83347,193.4689,234.59848,284.73444,344.12357,232.36328,336.72943,273.34705,446.88336,434.5127,195.27892,264.73016,549.88885,197.21552,542.1592,322.37698,298.78394,198.45058,250.40646,302.429,285.76175,237.76685,265.0594,310.45392,158.33421,275.9105,148.83354,
1761241908146,SQUAT,25.63324,6.942383,15.405457,7.6779785,43.512177,14.9635315,9.868057,NaN,NaN,322.76736,221.93588,196.30264,235.76974,285.54474,344.82526,231.69975,337.88287,273.85342,449.74854,434.34308,195.68015,266.40808,552.9422,196.5751,545.2642,325.43152,299.5913,195.03833,256.07913,306.3808,279.5769,235.93605,264.61337,312.22455,157.8119,275.5527,147.94385,
1761241908219,SQUAT,26.59645,9.166687,15.341858,5.2836914,43.164154,17.323364,9.494263,NaN,NaN,321.48126,221.82181,195.22536,236.65997,285.42712,345.5676,233.06087,336.4009,273.3864,449.92865,434.5868,196.80597,264.58087,551.9457,197.17859,546.662,324.38452,297.54416,197.41974,254.38,305.839,280.08026,235.65152,262.7569,311.48816,157.01875,275.85776,147.52449,
1761241908301,SQUAT,30.358902,7.9526367,10.205261,5.192322,47.218735,25.866547,9.645889,NaN,NaN,320.3614,224.22562,193.86671,237.37291,285.7419,341.28125,234.53397,333.3286,272.81125,444.4433,434.23804,198.05898,264.08795,550.4033,197.596,545.211,323.4098,299.23236,197.80247,252.01363,305.94073,285.91656,233.07086,260.05002,311.12067,159.37193,277.38156,149.72604,
1761241908389,SQUAT,30.727264,7.253235,12.885529,6.2730103,54.608093,25.528748,11.226959,NaN,NaN,318.88095,225.54593,194.81866,237.65471,285.3665,342.11615,234.23569,334.8629,271.75137,449.7957,436.91016,198.70088,263.07358,550.75995,196.67155,544.48694,321.57758,300.5,198.95248,245.8919,305.45035,284.526,229.65723,258.99725,312.1845,160.85298,278.47437,149.62602,
1761241908458,SQUAT,32.092545,8.495972,12.1961975,4.7599487,55.828033,27.318268,10.981949,NaN,NaN,319.6241,224.9598,192.86725,239.29982,285.53998,339.89514,234.19049,331.39917,271.40698,448.14545,435.94925,199.24655,263.0083,550.6934,195.37248,545.9335,320.9325,298.26245,203.72401,242.43442,303.8546,285.1977,229.28601,257.87943,313.57947,161.67972,280.16132,150.69777,
1761241908544,SQUAT,34.546234,10.966034,13.883759,5.5394287,55.51758,60.11209,10.912415,NaN,NaN,320.296,226.2113,191.66507,240.51247,284.23456,344.01126,233.94092,333.04523,272.34436,451.05566,437.1719,196.64516,263.93848,551.62134,197.05908,546.0819,323.64755,300.70956,200.69228,245.19199,311.99936,317.81744,236.09882,257.70535,314.5678,161.13931,281.372,150.2269,
1761241908618,SQUAT,37.345184,11.277832,12.503937,6.8641357,59.751083,32.89633,11.489304,NaN,NaN,320.99533,227.6781,190.33292,240.4321,283.60913,343.8654,231.8277,332.58755,272.2416,446.31836,433.81442,197.8503,263.41782,552.84125,196.62349,545.9771,319.05005,304.81805,200.82672,245.06697,304.39612,289.5187,237.26271,256.62238,315.44138,161.89899,281.58618,150.40968,
1761241908701,SQUAT,38.912003,11.049866,11.747711,8.138428,58.73419,36.122482,10.844971,NaN,NaN,320.53952,226.77402,187.86201,242.76411,281.6061,343.39557,231.30579,332.3457,271.95898,446.40488,434.65717,195.52765,263.69385,553.88684,196.37408,545.7484,319.35092,299.18262,201.90053,240.44843,305.50867,288.02112,240.54991,251.89864,315.94678,161.78108,283.83154,150.93611,
1761241908774,SQUAT,40.221237,11.854126,11.851196,7.135132,52.948364,36.93445,12.043732,NaN,NaN,321.01996,227.35367,187.13243,243.13882,280.37476,343.51596,228.3826,331.66183,271.07452,447.04077,435.18958,193.29097,264.49652,551.6364,195.32034,544.5013,320.06683,297.177,206.59117,244.22864,306.26456,286.91718,250.55774,249.98273,317.13425,161.72865,284.64218,149.68492,
1761241908860,SQUAT,41.921265,10.778046,8.909912,6.883972,55.427002,7.2506714,13.238388,NaN,NaN,321.89154,227.67535,185.75409,242.85541,279.43362,343.60904,226.39723,332.831,271.40317,447.7931,438.88318,192.67337,263.5437,552.8926,197.63228,546.0086,325.13422,299.1056,201.63216,243.67859,303.75543,253.05865,255.66219,245.80798,317.9108,163.72176,285.57614,150.48337,
1761241908933,SQUAT,42.260498,10.819733,14.097809,9.795654,60.14023,19.9917,15.4387665,NaN,NaN,323.67685,233.08852,190.82802,242.59998,278.32718,348.48056,223.81631,337.66083,271.31268,453.5761,439.4783,189.77531,262.8364,553.76636,196.8052,543.9707,319.77853,310.4083,201.38844,250.26807,308.7697,262.17282,248.68384,242.18112,319.7819,170.06647,287.98267,154.6277,
1761241909013,SQUAT,39.974518,11.442749,11.863586,9.595764,62.44748,23.58075,15.983276,NaN,NaN,327.4074,239.71016,199.73564,243.86398,278.28137,352.15796,224.99701,340.7152,273.16785,454.3374,442.47382,187.46738,262.6176,556.7405,196.25598,547.1447,326.10852,318.21686,201.96967,255.76938,308.6511,265.75558,252.7912,242.17484,321.84894,176.12663,290.14984,160.14336,
1761241909097,SQUAT,42.545364,13.056885,14.6579895,12.260254,72.71512,25.354904,15.348221,NaN,NaN,327.40503,245.9806,203.43524,245.67094,275.39673,355.1819,225.66403,342.125,274.07623,458.10828,443.4503,183.84502,260.79718,556.3668,195.5094,544.10657,327.34833,331.96194,204.26633,259.24683,307.75983,270.02026,257.9756,244.66536,322.25604,182.23383,291.94235,166.8856,
1761241909189,SQUAT,36.344315,10.00296,17.064423,8.0271,58.269287,57.032745,15.88945,NaN,NaN,323.87375,252.01791,215.6736,243.79427,273.95306,361.45663,223.84114,351.45367,275.64398,465.39844,448.334,181.3482,261.58386,555.3779,195.2646,547.3508,329.1997,326.02417,203.35721,267.75488,310.6308,308.27264,257.16003,251.2399,320.76367,191.89319,290.84677,176.00374,
1761241909262,SQUAT,33.980072,11.259644,17.856934,7.9611816,48.507904,73.44258,13.056564,NaN,NaN,321.78354,256.6444,222.66434,242.21077,273.77722,365.9635,223.8968,354.70386,275.16592,464.2976,446.44067,178.0131,263.04474,552.9817,194.73058,545.0205,327.616,324.01108,206.36938,275.50317,316.80145,326.18497,265.14072,252.74239,318.76425,198.6605,292.99756,185.60394,
1761241909342,SQUAT,31.92836,8.5563965,13.442413,8.920776,45.54077,92.51938,14.9040985,NaN,NaN,317.35483,262.0995,230.17113,242.59103,272.19067,370.4759,223.74933,361.9195,277.4203,459.3889,445.94647,176.41849,263.23895,553.0852,194.05624,544.1644,321.07,327.49356,206.41127,281.9528,327.29608,349.9014,265.93466,257.38202,318.02603,209.36111,292.51093,194.45702,
1761241909419,SQUAT,37.03763,11.636078,12.21936,7.426758,52.86615,26.167206,11.955704,NaN,NaN,314.44714,274.2882,237.25058,242.07756,270.75165,376.82755,223.27281,365.19147,276.54007,458.4438,446.22443,176.46622,262.6439,553.4878,193.96564,546.06104,321.6655,342.70703,204.26834,289.84088,300.63565,290.98062,263.28964,264.81342,315.73276,219.46501,290.30316,207.50931,
1761241909504,SQUAT,35.952408,11.960754,22.613983,9.55072,58.675964,23.604736,11.903473,NaN,NaN,320.00153,286.76617,250.81377,243.43457,270.4943,387.29187,223.30215,375.33112,271.81512,474.15912,451.54514,173.1206,263.47626,556.7291,194.24864,547.1784,329.11978,358.3847,198.63585,299.70874,297.27042,296.73917,261.01587,273.13443,313.77527,234.54993,288.12122,222.64645,
1761241909587,SQUAT,27.046234,11.700287,16.786621,11.5755005,52.914307,16.168488,6.3332825,NaN,NaN,318.85132,300.60474,273.5585,245.12271,269.359,396.2071,223.34125,384.5068,271.72238,467.11304,450.32642,174.08562,263.2319,556.22205,191.41414,544.64655,325.66144,368.16486,196.45724,315.25055,295.202,307.06433,257.51404,290.89584,309.5441,246.94305,290.46655,240.60977,
1761241909667,SQUAT,34.21231,12.303528,21.126862,13.70636,60.278564,23.280823,8.264648,NaN,NaN,322.48242,320.92493,286.71262,242.242,268.2862,407.5675,222.31381,395.26398,270.99814,473.77856,452.6517,170.37009,262.18716,557.34827,192.49524,543.6419,317.47583,388.46594,190.18427,328.18738,289.39078,328.82352,256.37466,305.5427,311.09546,267.16748,287.20502,258.90283,
1761241909740,SQUAT,32.003326,13.91153,25.902435,13.597778,56.94998,22.68396,8.834778,NaN,NaN,319.6493,328.91528,296.91196,244.52185,266.59006,416.87842,222.10675,402.9669,276.24875,482.12952,456.22708,168.50758,262.19907,559.5725,191.43175,545.97473,314.26727,394.478,196.3173,337.528,286.31442,341.6391,260.06354,318.95514,312.39133,277.04587,284.28714,268.2111,
1761241909819,SQUAT,36.259308,15.590118,31.72699,11.594971,58.771027,20.668915,10.937408,NaN,NaN,320.0389,348.6974,312.43808,242.37685,265.06696,427.5448,219.1818,411.95468,280.47876,487.10626,455.37927,165.03125,261.84253,558.7341,192.54596,547.1391,312.94675,412.41806,192.55815,353.64703,283.81345,354.29593,256.81024,333.627,312.42395,294.29337,283.80682,283.35596,
1761241909900,SQUAT,39.533386,13.770264,33.300537,11.581177,61.331635,21.346252,11.38443,NaN,NaN,319.7302,362.69263,323.15924,240.61111,265.22357,432.166,218.2855,418.39572,280.5404,490.53375,457.23322,165.25586,262.79288,558.88776,193.01611,547.3066,310.04266,432.00314,188.57106,370.6715,282.93582,373.89267,253.79428,352.54642,312.0104,307.5668,282.41196,296.18237,
1761241909989,SQUAT,37.132324,18.607697,32.460907,9.929504,64.03302,22.447113,12.630768,NaN,NaN,316.63696,372.81253,335.6802,240.53647,262.7293,445.61398,217.16663,427.0063,281.76282,495.0581,462.5972,164.79848,262.82397,555.16736,193.33885,545.23785,306.62097,444.66217,187.2894,380.62915,281.26184,388.27448,252.10945,365.82736,310.26483,322.68448,280.48685,310.0537,
1761241910064,SQUAT,38.80362,19.317627,36.265076,12.644287,62.565155,21.370209,14.855255,NaN,NaN,314.3426,388.55963,349.756,238.33162,259.977,455.61383,216.01483,436.2962,287.06378,495.51538,459.2503,161.25262,262.27435,555.69995,192.54582,543.05566,301.54816,456.49765,186.74211,393.9325,281.40128,401.63785,253.00287,380.26764,308.6003,338.82068,277.81335,323.96542,
1761241910137,SQUAT,39.75421,21.13733,41.921906,16.108826,59.254486,23.17926,14.928772,NaN,NaN,312.5601,401.6899,361.9357,237.53511,256.64224,466.1516,214.48935,445.01428,289.2385,504.39102,462.46912,161.17012,260.9766,559.53174,192.69995,543.4229,302.91415,470.91245,184.82385,411.65796,281.23026,415.02466,252.16086,391.8454,307.45303,351.50864,275.3772,336.57986,
1761241910209,SQUAT,40.287415,20.78888,44.560333,17.257812,57.778534,18.814148,14.663391,NaN,NaN,310.7373,412.44324,372.15582,237.08836,257.63428,475.5586,214.17003,454.7697,290.95892,506.9482,462.38788,160.24763,260.47614,560.84357,193.66911,543.58575,304.4454,481.9968,181.30052,424.21826,279.7602,422.21423,247.14134,403.4001,306.50098,360.53552,273.57315,345.87213,
1761241910276,SQUAT,41.75299,19.593475,46.457977,13.504456,61.86139,17.631287,15.833313,NaN,NaN,310.37207,419.9112,378.1582,235.87762,254.94464,482.40524,212.06046,462.81177,290.15457,508.77628,462.3183,163.55833,261.47852,557.2398,193.96812,543.73535,300.3664,487.26752,183.91322,425.40613,276.59067,428.2245,247.24423,410.5932,304.13113,368.87183,270.01288,353.0385,
1761241910345,SQUAT,45.040222,21.990997,44.06009,14.1345825,65.59628,21.368317,16.408539,NaN,NaN,310.8775,428.04596,383.00574,233.1872,260.49075,487.57205,213.99968,465.58105,279.98944,509.73022,465.67014,167.09302,261.0232,558.174,194.00214,544.0394,298.2133,495.5999,183.93652,430.00363,273.33875,437.83096,244.46248,416.46265,303.89673,373.6395,267.16486,357.23096,
1761241910419,SQUAT,42.540894,19.765625,48.29608,15.281372,59.643585,19.205658,15.446167,NaN,NaN,308.18246,428.1253,385.5844,230.54773,258.42023,489.47388,213.90147,469.70825,280.63672,512.44165,464.14557,171.6493,260.59662,558.19775,194.78844,542.9164,295.6803,494.5116,181.58702,434.868,271.47845,440.7758,243.38693,421.57013,299.98346,375.21045,264.25745,359.76428,
1761241910493,SQUAT,41.075165,19.14917,46.80945,16.486755,59.96469,18.967285,14.244568,NaN,NaN,306.59305,426.80237,385.7272,228.3461,256.5841,492.05096,212.54688,472.9018,277.8557,506.85825,460.0488,169.9088,260.89017,559.85944,192.7993,543.3727,294.9585,497.02124,179.51958,437.05655,266.395,441.60535,237.96625,422.63806,296.9082,374.83887,262.47208,360.5943,
1761241910557,SQUAT,40.1156,19.56189,41.3674,15.908508,56.870758,19.955414,12.015503,NaN,NaN,305.1429,425.9375,385.8219,224.60487,255.38763,491.74072,208.82486,472.17883,276.94196,508.1936,466.8262,167.55235,260.1876,560.8505,193.6455,544.942,292.8092,496.52698,177.36789,439.65622,263.76868,441.91095,233.59718,421.95554,295.68253,373.69434,259.4847,361.67883,
1761241910629,SQUAT,39.536316,19.701141,42.679474,18.782227,58.200745,18.717224,12.142914,NaN,NaN,304.51395,423.2138,383.6775,226.4313,253.60548,489.68707,207.06812,469.98593,279.2717,508.26263,465.58316,166.04704,261.62097,561.3696,191.34918,542.5874,290.96033,492.97736,172.43167,434.7766,260.3467,435.5754,234.16896,416.8582,293.12857,371.5332,257.96317,359.3903,
1761241910709,SQUAT,37.119812,18.566162,41.990234,19.410828,57.18167,19.7016,10.216553,NaN,NaN,302.67838,417.12283,380.00302,223.20055,251.24643,484.19315,204.19437,465.62698,276.89557,509.14014,467.1499,166.61682,259.44766,563.9408,192.85892,544.52997,287.59378,484.5065,173.63914,427.32483,259.01132,426.74634,233.17229,407.04474,293.2171,365.7422,256.77243,355.52563,
1761241910779,SQUAT,33.979095,16.350403,35.358276,18.489746,53.19806,20.926117,12.257233,NaN,NaN,299.82138,405.76596,371.78687,221.49384,250.63889,477.211,202.96121,460.8606,274.06952,499.09824,463.73996,160.36848,261.9381,560.37744,190.68297,541.8877,285.26282,471.44434,177.26405,418.24628,259.39886,416.16534,232.21265,395.23923,292.5384,354.88297,257.06335,342.62573,
1761241910834,SQUAT,34.94275,17.68158,21.70993,15.524536,51.40338,20.242554,15.111603,NaN,NaN,302.92355,394.2265,359.28375,225.12804,254.29762,462.44266,208.00514,444.76108,268.92896,479.68106,457.97113,159.20938,262.34647,556.23083,187.12494,540.7063,287.1952,461.9088,175.16289,410.50543,258.85672,403.5979,230.12312,383.35535,292.36215,343.51007,258.4926,328.39847,
1761241910907,SQUAT,32.425934,16.515808,29.941742,19.683533,48.928223,17.037323,14.051056,NaN,NaN,302.41556,381.58533,349.1594,221.53847,255.23225,451.59457,209.26004,435.07877,269.78925,489.43573,459.494,161.63962,261.7423,560.56055,189.5549,540.877,291.65057,450.14966,172.08621,401.22144,257.0618,394.35593,221.55869,377.3186,292.3813,330.05646,260.64645,316.0054,
1761241910988,SQUAT,31.578766,12.467743,18.072754,17.551636,66.05713,21.449799,11.710022,NaN,NaN,303.33917,369.7613,338.18253,222.34526,254.27138,439.8698,208.18375,427.40207,267.3061,475.24225,457.1695,162.38382,262.98575,556.94904,189.6269,539.3974,294.8317,439.73206,164.49445,373.67493,253.17,385.9225,211.78897,364.4727,293.9506,315.15714,263.00134,303.4471,
1761241911058,SQUAT,31.452362,14.33725,19.157135,13.727295,66.01666,32.37088,8.052612,NaN,NaN,304.3071,354.86224,323.40988,227.42885,253.30843,427.15466,209.90016,412.8174,265.48834,478.86044,459.7033,163.0957,262.04517,558.3668,191.98367,544.6395,299.54016,419.45828,164.89569,353.44162,256.23682,374.1345,210.27199,341.7636,295.39737,297.52252,265.56708,289.4699,
1761241911116,SQUAT,31.73935,13.742126,15.999756,12.486938,68.7453,30.100891,8.05542,NaN,NaN,306.72803,341.75235,310.013,226.89188,256.63974,416.06702,211.77946,402.3249,264.88855,476.2514,460.25165,169.93994,263.92096,560.3703,192.68495,547.88336,299.53867,413.34125,167.4766,344.59595,253.8891,360.74353,210.3664,330.64264,297.26584,282.57654,266.77744,274.52112,
1761241911180,SQUAT,30.213287,10.977295,11.457245,10.497131,65.94766,32.673126,10.486389,NaN,NaN,309.29376,324.10516,293.89188,228.53012,257.78592,406.1466,210.8602,395.1693,263.10043,470.7605,459.30325,171.05469,262.73962,558.2055,194.91756,547.7084,298.86926,400.53113,166.28221,334.58347,258.1751,353.37598,209.2171,320.70285,300.60306,270.3427,271.84616,259.85632,
1761241911253,SQUAT,33.538513,10.946686,2.446167,10.053223,63.567444,31.147217,9.352112,NaN,NaN,310.04083,315.7646,282.22607,228.69263,260.1017,397.67697,212.45824,386.7303,264.58932,457.82648,455.3803,173.10994,263.0229,557.4192,195.8156,547.36597,298.5772,387.4722,171.30714,323.90475,259.56482,340.44916,212.22272,309.30194,301.16415,256.42227,273.24194,247.07016,
1761241911332,SQUAT,36.711792,11.279877,8.994965,5.1956787,57.061096,28.0354,9.205414,NaN,NaN,314.26773,304.4504,267.73862,232.03491,263.2506,389.67056,215.00932,378.3907,265.99414,461.62766,452.6327,174.61078,262.74936,554.1248,197.3351,548.92914,303.65945,372.933,178.63492,315.87192,262.87695,326.5289,220.92851,298.4935,304.9274,242.50694,274.11578,233.30153,
1761241911403,SQUAT,42.800232,11.731415,12.382385,5.111023,67.32156,29.230743,12.1353,NaN,NaN,315.3731,288.56622,245.76599,229.14891,264.85056,380.9793,213.18578,369.2479,266.45526,466.69894,454.31656,174.82008,263.1858,554.7653,198.7957,549.6543,310.9917,363.78696,177.7028,296.4654,263.84528,320.97897,223.68335,291.74823,305.47607,226.32103,272.1652,214.18573,
1761241911476,SQUAT,36.8909,11.979553,15.173096,6.758911,63.157654,32.605286,10.821548,NaN,NaN,315.9435,272.87085,235.97995,231.95967,265.7522,371.86652,215.48495,359.88696,266.43442,466.91534,451.74225,177.54106,261.8371,555.9844,197.37505,549.22546,310.59296,344.19873,185.9141,281.04108,267.47684,318.08118,225.28276,285.4759,306.6641,209.4321,275.94415,198.61055,
1761241911553,SQUAT,32.665955,11.209747,11.216003,4.5319214,61.17047,33.04544,9.710846,NaN,NaN,316.92752,256.77457,224.10861,232.87666,266.1763,362.27872,215.85957,351.06897,267.5717,459.51587,448.29987,179.44044,263.164,554.23157,197.069,549.69965,312.3952,332.3609,188.35239,271.19043,269.57877,308.8567,227.71877,275.81125,307.93625,190.03761,273.9619,180.32677,
1761241911642,SQUAT,34.473953,11.500092,11.468903,3.3287964,62.427704,33.121277,12.137695,NaN,NaN,315.81876,247.83073,213.35678,232.72966,264.26044,355.42026,213.01277,343.92017,262.79453,458.59296,447.12405,180.70038,262.15155,553.1744,195.31595,549.8456,303.7917,322.13324,188.86984,259.70554,270.154,300.31873,219.6202,267.19745,309.5975,178.38045,274.57056,166.24275,
1761241911720,SQUAT,39.566772,12.554932,15.670349,5.2509155,69.726776,38.821518,9.008469,NaN,NaN,315.56638,237.15656,197.58978,235.96587,264.52405,346.3308,214.1102,333.77588,261.69608,453.2119,437.54156,183.52797,262.1978,551.0568,195.45898,545.8059,304.99625,310.79187,194.93372,241.0651,275.21585,291.5279,221.1134,252.70638,308.5609,165.74326,275.98157,156.73479,
1761241911800,SQUAT,43.976288,12.705872,8.816956,2.1227417,71.07381,41.55948,11.746643,NaN,NaN,316.24323,226.77615,182.79987,236.11897,266.49252,340.9425,215.12894,328.23663,260.79117,449.2308,440.41385,186.74301,261.9722,550.6216,195.90652,548.49884,311.45636,300.3085,195.52646,229.2347,281.7464,285.06058,222.92624,243.5011,310.78424,158.58142,274.42807,146.83478,
1761241911887,SQUAT,43.661057,12.988922,9.749451,3.7077026,70.48007,53.387604,12.315491,NaN,NaN,315.88977,221.4412,177.78014,238.10657,268.19785,335.8687,217.66206,322.8798,260.6175,446.1278,436.37836,188.13159,261.40286,552.13934,195.60307,548.43164,312.2145,291.83295,195.41869,221.35287,296.49557,295.84286,232.73738,242.45526,311.03467,154.3234,276.1759,142.0079,
1761241911956,SQUAT,41.391586,9.521362,8.595795,3.3636475,65.68538,28.395264,10.88829,NaN,NaN,313.72675,215.58348,174.1919,235.43878,272.83438,333.18567,220.19315,323.6643,262.6851,445.07004,436.47424,190.20134,262.44464,551.84534,196.86992,548.4817,307.84534,288.29465,192.41904,222.60927,288.45273,265.25098,229.28731,236.85571,309.2852,151.45781,276.28574,140.56952,
1761241912034,SQUAT,39.91913,6.3799133,5.5258484,5.449524,67.33148,35.91832,13.173248,NaN,NaN,313.0511,217.00056,177.08144,234.31664,275.11072,331.82593,220.52896,325.446,266.58694,445.51483,439.98898,191.58038,259.15952,552.7969,196.5873,547.34735,310.5139,291.65463,190.2523,224.32315,291.58826,272.29337,225.87813,236.37505,306.883,154.24008,274.76962,141.06683,
1761241912116,SQUAT,41.663437,6.6726685,6.213043,6.8794556,60.340576,50.785416,12.812134,NaN,NaN,313.26038,218.13866,176.47522,233.46712,278.34662,331.37695,222.587,324.70428,269.06592,444.29657,438.08353,194.02718,259.786,552.6577,196.43863,545.77826,311.9941,291.48083,192.2715,231.14026,299.49762,286.79074,227.52184,236.00533,310.10345,155.25232,276.19525,142.44019,
1761241912204,SQUAT,44.06839,5.6444397,5.871826,4.407898,64.2746,49.10829,15.895813,NaN,NaN,312.08856,220.14076,176.07237,233.38448,278.1455,331.4889,225.50754,325.84445,269.57434,445.22913,439.3573,195.63348,260.88492,552.0667,197.2632,547.6588,312.60263,291.7409,194.30727,227.46631,298.7201,284.97034,229.67317,235.86205,310.28174,157.2153,278.54526,141.31949,
1761241912282,SQUAT,43.34372,8.8237915,4.870575,2.7581177,59.45218,37.161255,14.547501,NaN,NaN,314.19775,220.0004,176.65668,233.89642,276.39642,335.94226,223.15578,327.11847,268.68655,443.43134,438.56076,195.18001,262.3407,550.2804,198.53041,547.5223,313.84113,293.40338,195.68422,233.9512,293.7538,273.59708,229.86333,236.43582,311.93735,156.09526,279.1327,141.54776,
1761241912353,SQUAT,42.31047,9.333832,6.236908,3.3254395,59.58293,69.67319,13.310333,NaN,NaN,318.0075,219.94978,177.63931,235.7517,277.26508,337.38693,224.52623,328.0531,267.73215,444.42593,438.18903,195.50262,262.05103,550.3646,199.00069,547.0392,317.04178,294.81265,197.12088,235.22972,314.9594,308.38544,230.24274,238.71225,313.56448,155.09894,280.34424,141.7886,
1761241912432,SQUAT,42.304535,10.724609,8.089905,4.0550537,63.428314,80.228714,13.907639,NaN,NaN,318.62833,220.41959,178.11505,237.26909,277.49136,334.08337,225.09163,323.35876,268.14365,443.8095,435.7196,194.95569,261.0368,551.223,198.88379,547.16797,318.85086,295.19513,193.71718,231.76682,316.89252,320.18683,227.74759,239.95811,314.1017,157.3947,282.92206,143.48706,
1761241912524,SQUAT,43.285492,10.995056,7.560425,6.1087036,67.84885,96.16809,15.166061,NaN,NaN,317.99463,221.23734,177.95184,239.58315,276.59262,335.91333,224.84918,324.91827,267.91287,443.13553,435.5751,194.91826,260.7765,551.7071,198.30338,545.5984,318.46475,296.24408,199.19118,228.39523,323.31024,335.7172,235.32712,239.5491,316.80853,158.34372,285.09192,143.17766,
1761241912595,SQUAT,44.585556,13.074829,9.384338,4.4121704,66.62785,68.31076,14.719727,NaN,NaN,323.6306,224.2131,179.62755,240.26184,273.5554,336.11462,221.96425,323.0398,266.45932,445.19922,435.81488,192.14027,260.57123,550.38684,198.46896,545.9747,320.17972,299.28775,197.68385,232.6599,306.2003,307.83298,234.8884,239.52222,320.79688,159.38043,286.33417,144.6607,
1761241912675,SQUAT,47.700195,13.978455,10.044098,5.905945,73.144775,34.74774,14.794113,NaN,NaN,323.32562,224.33362,176.63342,242.11172,270.60468,330.92847,220.3192,316.95,263.56662,445.92053,435.87643,189.56119,258.37634,553.3424,194.2821,547.43646,317.20197,303.90784,200.38084,230.76306,291.3752,273.06168,237.94452,238.31393,321.69736,159.80614,287.77695,145.01202,
1761241912755,SQUAT,49.490906,17.541748,10.402222,1.0939941,75.3197,38.73456,16.603745,NaN,NaN,324.65543,227.95471,178.4638,244.78712,264.92667,331.7618,217.26485,314.22006,259.68927,443.3408,432.93857,189.32317,262.50687,546.198,197.58502,545.104,317.38882,305.32678,200.03561,230.00708,294.15512,277.17236,239.7463,238.4378,326.35815,163.07074,292.17087,146.467,
1761241912838,SQUAT,48.812546,14.68573,9.792175,0.91192627,78.39894,51.730164,16.469345,NaN,NaN,325.63788,230.09412,181.28157,244.97023,263.79886,334.48334,213.4283,319.7976,258.18002,443.5115,433.71933,185.71246,261.71707,545.64264,196.0095,544.7307,323.12973,308.9871,191.79852,230.58815,298.22684,294.2919,241.06842,242.56174,326.93784,166.49147,293.74432,150.02213,
1761241912919,SQUAT,48.24037,13.066711,12.066467,0.51000977,78.340195,90.573,15.701355,NaN,NaN,326.3949,236.02843,187.78806,246.67223,261.78308,337.8122,210.95868,324.74548,258.71185,450.1247,438.05823,184.80339,260.56482,550.6769,195.74548,550.1669,323.65683,312.73602,197.81183,234.39583,318.93018,337.08606,244.69946,246.51306,327.09732,173.69286,297.93848,157.9915,
1761241912996,SQUAT,47.514847,17.57434,9.00235,2.7750854,80.89792,53.494843,14.018387,NaN,NaN,326.43872,244.81107,197.29622,248.56653,258.1338,346.55737,210.14803,328.98303,263.10843,450.80624,441.8039,185.04836,263.12872,548.17786,195.28403,550.95294,323.10434,321.86743,198.63676,240.96951,302.32138,307.98056,246.4676,254.48572,326.59457,181.82349,301.76764,167.8051,
1761241913110,SQUAT,44.107025,15.401642,16.505493,3.4604492,72.805176,73.386475,12.088577,NaN,NaN,324.81552,252.1799,208.07288,248.35991,255.20016,350.79773,207.82452,335.3961,263.51352,458.18164,441.67615,177.44456,264.6808,551.07574,195.1596,547.6153,324.0201,322.92178,200.75327,250.11661,314.9613,337.30872,250.87192,263.92224,325.7624,189.40971,303.79144,177.32114,
1761241913161,SQUAT,45.294434,16.784119,15.974213,3.2251587,79.46384,40.342896,14.208374,NaN,NaN,322.48724,264.38074,219.0863,248.67792,253.05296,359.62878,207.09709,342.84467,271.10858,463.62878,447.65457,175.51678,265.40445,552.5732,194.81908,549.348,319.57236,341.15964,196.02846,261.6958,299.14444,314.5381,251.16992,274.1952,325.95358,203.3038,301.63165,189.09543,
1761241913236,SQUAT,44.50229,12.876068,14.603516,5.4223633,78.37717,43.427887,14.124023,NaN,NaN,319.3037,272.83572,228.33344,248.3792,253.5632,361.26297,209.7431,348.3869,272.73178,460.0372,445.4337,172.97733,263.9884,557.13983,195.16293,551.71747,320.7639,350.63474,199.95636,272.25757,305.0079,331.85696,247.96317,288.42908,324.45242,214.63446,301.56796,200.51044,
1761241913316,SQUAT,48.155777,14.003967,9.517517,5.2645264,76.97165,21.84552,16.522919,NaN,NaN,322.8997,288.1387,239.98293,246.86714,253.90836,374.3756,206.45175,360.37164,273.31403,463.0333,453.51578,168.2375,263.53806,555.38806,193.51651,550.12354,317.53073,366.14923,196.20222,289.17758,296.44077,326.67996,252.64085,304.83444,325.21243,230.95142,301.04636,214.4285,
1761241913417,SQUAT,44.307983,17.626862,12.200317,7.677185,74.46649,15.095276,14.905914,NaN,NaN,322.70895,303.33206,259.02408,247.77686,254.0675,384.1052,208.59113,366.47833,272.2216,463.7976,451.5973,164.96594,262.81842,556.6894,192.7318,549.0122,317.1134,382.73434,195.12794,308.26785,286.75775,337.255,246.29391,322.15973,324.04126,246.61517,300.60025,231.70926,
1761241913481,SQUAT,47.000336,15.713806,16.204834,7.5426636,81.58191,26.742767,15.987976,NaN,NaN,318.9255,320.21072,273.2104,247.00218,252.35059,395.3874,205.95532,379.67358,269.6963,471.8719,455.66705,161.2306,262.61966,556.37177,191.26964,548.8291,306.6094,403.73538,197.37006,322.15347,288.38504,362.7088,251.24234,335.96603,322.76956,264.2331,297.8658,248.24512,
1761241913541,SQUAT,44.982147,16.06427,25.654602,12.656311,77.609406,35.256775,17.409576,NaN,NaN,316.1687,333.32608,288.34393,244.52039,252.99025,406.15994,206.35182,390.09567,267.18256,481.66174,456.00714,161.4973,262.0298,559.19916,191.66069,546.54285,307.09863,416.60385,193.76985,338.99445,284.35373,383.37305,247.89384,348.11627,320.7252,280.51434,291.4402,263.10477,
1761241913616,SQUAT,44.805847,17.811768,12.353699,14.518982,74.94763,33.75656,17.185516,NaN,NaN,315.607,351.3028,306.49695,240.92688,253.38263,421.53815,206.4755,403.72638,266.526,473.60547,461.25177,159.54906,262.79013,557.51575,190.65593,542.99677,302.45227,433.43274,189.70425,358.4851,283.2978,394.62735,246.57068,360.8708,318.82703,297.19608,290.88394,280.01056,
1761241913716,SQUAT,44.05771,16.57254,10.965576,8.260376,72.725586,35.640594,17.112518,NaN,NaN,311.90253,367.75873,323.70102,235.72072,253.13272,438.38718,206.98193,421.81464,266.9152,487.73285,476.76727,153.24792,262.649,554.68604,190.51648,546.42566,302.03986,453.3164,184.85948,380.59082,278.83258,409.28525,243.43019,373.64465,313.38324,313.46338,283.76294,296.35086,
1761241913792,SQUAT,43.18741,15.455109,18.052734,13.972778,70.42239,30.775269,16.7128,NaN,NaN,307.0426,382.354,339.1666,231.0108,252.35056,454.11096,204.61374,438.65585,267.02252,498.60175,480.549,146.65636,260.2785,561.38153,191.48453,547.40875,301.8582,466.95166,181.44824,396.52927,277.10208,418.90732,244.78395,388.13205,310.22733,327.1187,280.20132,310.4059,
1761241913874,SQUAT,44.79013,15.976776,9.239014,6.140442,66.61221,26.95169,17.072418,NaN,NaN,305.7147,397.37225,352.58212,229.16606,251.74405,471.71982,202.97687,455.74304,279.76462,493.88824,484.64923,140.90549,260.72595,552.9229,194.14175,546.7825,302.20944,479.786,182.79977,413.1738,272.04993,426.44525,245.10547,399.49356,307.42422,337.50412,277.7878,320.4317,
1761241913962,SQUAT,46.275574,18.848724,16.773987,8.960999,71.61847,33.74875,17.094604,NaN,NaN,304.20233,407.5155,361.23993,230.643,251.42902,485.4573,203.01202,466.60858,275.20312,506.09808,489.3241,139.109,260.26126,553.58496,194.2919,544.62396,304.3868,491.97766,184.27986,420.3592,273.9922,444.4827,242.53268,410.73395,306.4532,347.32428,275.2958,330.22968,
1761241914045,SQUAT,47.631714,15.545349,24.820251,18.818787,73.54959,25.930206,18.935272,NaN,NaN,303.3059,416.2378,368.60608,229.84383,247.9851,488.81293,200.0599,473.26758,276.64865,509.92505,485.1048,140.23062,257.37302,559.13245,193.76076,540.31366,300.2862,498.4931,181.45346,424.9435,273.5272,448.52423,244.60098,422.59402,307.1796,355.9702,274.33063,337.03494,
1761241914114,SQUAT,44.28302,18.700134,17.923859,19.1109,69.74658,24.297668,19.888672,NaN,NaN,303.30243,420.19363,375.9106,230.20177,248.20685,489.79904,202.81946,471.0989,256.02985,496.311,478.38715,143.5264,259.67615,558.89233,195.45003,539.78143,298.40378,500.69946,184.93355,430.95288,274.09045,460.66296,244.35287,436.3653,310.1379,366.48065,276.132,346.59198,
1761241914175,SQUAT,45.020355,16.859497,22.885254,20.731384,70.117004,25.50653,19.879059,NaN,NaN,304.76703,426.60538,381.58502,230.63432,250.78242,487.0357,204.49341,470.1762,246.43213,497.9692,475.08395,144.85863,250.4976,561.01733,196.50604,540.28595,298.02057,512.4026,183.16441,442.28558,278.82117,473.5645,248.49046,448.05798,312.055,372.94745,276.53552,353.0684,
1761241914240,SQUAT,45.714783,19.438599,20.747223,15.829285,64.75287,21.88092,20.45932,NaN,NaN,301.76184,430.20453,384.48975,228.63742,244.68764,487.38306,200.35385,467.94446,259.97314,496.9949,476.24768,141.22733,249.97519,557.2135,202.39062,541.3842,297.86612,510.81882,186.57663,446.06595,280.63318,480.4022,249.34767,458.52127,311.49698,378.66187,276.23264,358.20255,
1761241914322,SQUAT,45.142395,15.344543,15.997406,19.899841,61.358673,18.820923,23.395538,NaN,NaN,301.59164,430.6867,385.5443,228.16803,249.71332,482.17908,203.22931,466.83453,268.06897,494.37985,478.38245,143.65253,246.68738,559.6198,203.78749,539.72,297.8191,508.96146,189.30873,447.60278,284.86655,482.64563,249.05397,463.8247,309.41043,384.91208,274.62466,361.51654,
1761241914390,SQUAT,41.58191,15.079926,27.315063,15.692505,53.825134,18.64325,20.879883,NaN,NaN,300.65036,427.1579,385.576,227.38904,248.70604,479.7047,202.7537,464.6248,270.38217,497.96054,470.64548,151.09549,249.46887,556.5899,194.75201,540.8974,295.93762,502.26627,188.90187,448.44113,287.22678,481.0288,249.7124,462.38556,308.45544,382.6043,273.3465,361.72443,
1761241914460,SQUAT,41.673615,16.583282,27.656677,15.224548,47.92914,19.147858,19.315369,NaN,NaN,298.35028,422.00375,380.33014,225.28781,246.66376,475.44693,199.17058,458.86365,273.06216,494.91675,467.26007,157.19879,256.14648,557.1118,191.77005,541.88727,297.36353,493.729,187.8352,445.79987,279.44147,474.75885,248.86926,455.611,305.04602,375.99457,272.70053,356.6792,
1761241914526,SQUAT,39.88257,14.265381,38.275055,14.404175,46.380768,24.651917,20.108246,NaN,NaN,298.62595,412.46405,372.58148,226.58876,249.62968,467.48163,202.65088,453.21625,262.9719,505.96063,467.68558,159.0754,257.69168,557.9806,192.51816,543.5764,298.75626,484.67807,186.6355,438.2973,284.0007,469.9181,246.90471,445.26617,303.6074,368.8248,271.9077,348.71655,
1761241914613,SQUAT,36.589905,16.00296,31.889923,16.837402,48.372284,26.923187,15.865906,NaN,NaN,298.1553,398.01727,361.42737,227.09435,249.51521,458.0849,202.09886,442.08194,259.90204,499.38477,467.49484,157.67226,261.01495,560.31793,190.99702,543.4805,301.42856,473.18936,186.56644,424.81708,283.5088,460.1617,250.28043,433.23853,303.41803,353.74585,274.3626,337.87994,
1761241914663,SQUAT,37.56537,14.316528,23.127289,17.790771,49.83966,24.792297,15.850586,NaN,NaN,297.47968,387.0185,349.45312,226.77225,250.24808,448.75168,205.32324,434.43515,263.5722,490.63174,467.50446,155.94986,260.9476,561.54333,190.57782,543.75256,298.33145,463.48438,186.89632,413.6447,280.63168,445.03967,251.13556,420.24738,302.45425,341.70966,274.943,325.85907,
1761241914735,SQUAT,38.54785,13.050476,16.63736,14.963074,50.486755,10.300354,15.0295105,NaN,NaN,299.16074,377.92706,339.3792,226.97942,250.26758,437.9614,203.6214,424.91092,263.50394,482.54828,465.91092,156.82132,262.6069,559.7846,192.3831,544.82153,293.78812,453.005,186.27867,402.51825,275.98062,416.8853,246.73877,406.58496,303.8935,328.2862,277.19403,313.25668,
1761241914802,SQUAT,40.775513,12.835205,4.3079834,12.786438,59.518555,6.8124695,15.088928,NaN,NaN,301.6097,365.44135,324.66583,229.30168,249.55794,430.67426,201.53566,417.83905,267.81207,466.19278,461.8848,165.41818,262.21866,557.04675,190.95702,544.2603,296.2077,441.86206,186.09453,382.3435,278.44836,399.26328,246.62927,392.4508,307.77576,311.31,280.1077,296.22107,
1761241914887,SQUAT,40.17859,14.5642395,2.3379517,9.9021,66.73926,7.938965,13.924011,NaN,NaN,302.50626,346.91553,306.73694,234.10698,247.61258,417.49362,202.87947,402.92938,269.58368,467.23392,464.89597,165.30632,262.61423,555.65625,192.57173,545.75415,293.3055,423.47296,186.73431,356.7337,277.89236,380.98224,240.29997,373.04327,307.98773,295.23502,281.27133,281.311,
1761241914952,SQUAT,35.72467,14.3368225,15.075165,14.171631,63.765594,9.598541,13.939545,NaN,NaN,307.0023,327.778,292.05334,233.20667,249.45294,405.7654,203.05434,391.4286,269.3876,477.81958,462.74442,164.53557,262.51028,560.90906,192.61499,546.7374,297.32852,406.6927,183.78671,342.9271,286.24197,368.19397,239.16756,358.59543,309.43127,278.1642,284.4137,264.22467,
1761241915010,SQUAT,39.755676,16.717651,17.342773,12.201599,64.29599,16.979706,13.645782,NaN,NaN,309.45044,317.66333,277.90765,237.037,253.60013,395.84674,206.98598,379.1291,268.5523,474.3802,457.0374,167.34598,262.82516,559.6506,195.76505,547.449,301.76788,388.83194,185.54369,324.53595,301.46848,358.76562,238.33354,341.78592,312.76663,260.79254,287.42596,247.14676,
1761241915088,SQUAT,39.304382,16.206238,12.706726,11.679565,60.90381,8.623535,15.256851,NaN,NaN,311.6678,299.08737,259.783,236.8287,257.66025,384.76212,208.20108,368.55588,268.4457,459.84387,447.13715,173.46025,261.73694,559.3833,195.99324,547.70374,308.0912,366.81927,187.46233,305.91547,304.83707,336.5515,237.60715,327.92798,315.21606,244.37613,287.43143,229.11928,
1761241915176,SQUAT,42.552002,15.514252,14.689911,7.7492065,66.71469,30.148193,14.136871,NaN,NaN,312.54266,284.28604,241.73404,236.81027,259.22476,373.64383,210.15688,358.12958,265.31732,463.83478,449.14487,174.17299,263.44733,556.9961,196.2308,549.2469,306.31787,355.25458,186.76326,288.5399,306.97815,340.64713,238.98338,310.49893,316.15994,225.0102,287.0965,210.87332,
1761241915255,SQUAT,41.371674,15.050873,14.971039,4.2196655,67.25287,54.685486,15.440216,NaN,NaN,318.09055,270.58353,229.21185,239.26779,260.75528,362.16312,211.9522,347.11224,262.09982,460.60043,445.6294,174.21698,261.7235,555.00073,196.21524,550.78107,306.16052,341.90784,186.81924,274.65497,305.0656,352.57217,240.07341,297.8867,317.4013,213.96146,285.61493,198.52124,
1761241915334,SQUAT,40.652313,16.019043,16.026611,0.72698975,63.54306,69.13916,15.336548,NaN,NaN,319.88266,255.58815,214.93584,242.9957,259.63922,353.89417,212.36795,337.87512,259.32675,457.8952,441.8686,175.36948,261.38892,553.6048,197.14305,552.8778,321.41794,322.20667,192.18805,258.6636,315.23486,352.4678,242.52905,283.32864,318.2458,198.52165,291.13968,183.1851,
1761241915410,SQUAT,43.877182,17.10498,10.732544,0.8272095,67.3678,71.798065,15.75209,NaN,NaN,322.4164,245.82161,201.94443,245.91734,260.73587,347.6565,212.13853,330.5515,258.84296,454.878,444.14545,181.60829,261.9861,550.4011,196.15837,549.5739,306.36664,314.68854,193.66731,247.32074,306.41666,340.35138,245.43094,268.5533,323.55594,186.83061,292.09726,171.07852,
1761241915489,SQUAT,48.24623,15.954987,10.185852,1.0626831,72.26178,54.906006,16.892715,NaN,NaN,322.07028,239.45312,191.2069,248.8725,262.96194,339.83365,215.5032,323.87866,259.06216,445.45618,435.27032,183.24124,261.91522,548.6714,195.08635,547.6087,307.30804,307.1503,195.2719,234.88852,294.7894,314.15988,244.5125,259.25388,324.11172,178.63892,292.41727,161.7462,
1761241915568,SQUAT,50.72235,13.464783,7.6596375,0.25830078,75.11841,60.449005,17.498108,NaN,NaN,323.14917,232.77977,182.05742,246.11948,265.93045,336.75763,216.39809,323.29285,258.06842,448.43933,440.7797,182.96548,259.1178,549.21497,195.6181,549.47327,307.69824,306.28485,188.99614,231.16644,295.7818,311.09372,243.8837,250.64471,325.5586,170.34111,292.9082,152.843,
1761241915655,SQUAT,51.16333,11.616455,8.970306,1.0212402,74.53859,45.3963,17.759903,NaN,NaN,320.49982,231.80542,180.64209,244.07927,264.6634,333.85986,215.04993,322.2434,259.1223,445.5844,436.6141,184.27196,258.31287,548.0381,196.93047,547.01685,306.43674,303.0745,192.7062,228.5359,291.51935,292.89886,242.4065,247.50256,326.0271,167.33838,292.6234,149.57848,
1761241915726,SQUAT,51.665146,11.666901,10.407379,3.1835327,73.1911,41.088272,17.498077,NaN,NaN,317.33408,228.91183,177.24669,243.09442,265.6268,330.9452,216.26909,319.2783,259.44278,444.05634,433.64896,185.28491,259.2565,548.20056,197.59229,545.017,304.53934,301.28253,192.8821,228.09143,289.3598,286.11115,241.24214,245.02287,324.2002,166.53012,291.59326,149.03204,
1761241915811,SQUAT,52.081055,10.642517,8.889893,3.8727417,78.52493,59.936752,19.143936,NaN,NaN,319.39563,232.9639,180.88284,243.8049,265.62512,330.68713,217.64139,320.04462,260.93738,443.47845,434.58856,186.6052,258.07916,547.9979,197.89671,544.1252,307.09512,308.42767,197.3758,229.90274,295.68643,302.907,241.2084,242.97026,323.0985,168.0588,289.74884,148.91487,
1761241915883,SQUAT,50.55385,10.556305,5.068573,4.4900513,78.197235,54.31662,19.709564,NaN,NaN,315.3775,230.31944,179.7656,243.75287,264.63446,330.73337,217.37027,320.17706,261.72467,439.1954,434.12683,186.07008,259.1509,548.2157,196.43446,543.72565,307.21173,305.52692,198.33694,227.32968,288.89722,296.77884,240.57387,242.46222,321.42218,168.23563,290.76273,148.52606,
1761241915978,SQUAT,50.41469,13.328705,6.1173096,3.8745728,78.033966,47.80269,19.732819,NaN,NaN,314.97958,230.532,180.11731,242.25894,263.0358,334.12613,216.34297,320.79742,261.74216,439.0537,432.9364,186.42213,260.32587,548.01605,197.15959,544.1415,306.4197,306.0498,192.49442,228.01584,289.4427,291.05542,239.77481,243.25273,321.04486,168.54816,289.66782,148.81534,
1761241916058,SQUAT,51.47171,13.233795,10.19928,2.1262207,81.08681,49.48471,19.447784,NaN,NaN,314.95447,230.81677,179.34506,242.45901,262.4125,335.31418,215.79785,322.08038,260.06625,444.4064,434.20712,185.58476,260.42404,548.25867,196.9369,546.13245,306.34753,306.6599,192.63765,225.5731,287.94598,291.27563,238.98476,241.79092,320.04837,167.90283,288.86615,148.45505,
1761241916136,SQUAT,51.61531,14.234161,10.943512,1.145813,80.20978,49.134064,19.661423,NaN,NaN,314.39835,232.21848,180.60316,242.21492,262.30066,334.86484,215.8363,320.63068,259.64066,444.38504,433.44153,184.9387,260.76434,547.8674,197.31364,546.72156,306.44168,307.32303,191.08646,227.11325,288.59836,291.50372,238.75888,242.36966,319.1557,169.0163,288.55417,149.35487,
1761241916216,SQUAT,53.74791,14.923248,11.090271,2.4786377,85.13025,48.023865,19.561905,NaN,NaN,317.18097,235.43526,181.68735,242.15375,261.90637,334.87842,212.93155,319.95517,258.86664,443.78857,432.6983,184.42249,260.72162,548.1682,197.28181,545.6896,305.88568,311.96527,190.2537,226.83502,288.525,290.74805,236.7468,242.72418,319.29654,170.4447,288.10803,150.8828,
1761241916292,SQUAT,54.741013,14.72113,10.285919,1.4924927,86.01593,51.716812,20.87172,NaN,NaN,317.08755,235.9681,181.22708,242.26187,260.86508,335.91406,214.248,321.19293,258.30194,443.33905,433.05313,184.11507,259.22845,547.05023,198.39717,545.55774,306.16895,312.69534,189.32942,226.67941,288.7896,296.07495,237.11632,244.35814,318.55228,172.31598,290.95236,151.44426,
1761241916372,SQUAT,56.38687,15.228821,9.689972,1.6463013,85.95215,46.07756,20.47017,NaN,NaN,316.87573,237.39182,181.00494,242.41908,258.6385,338.34406,210.248,323.11523,255.79639,445.36594,435.67596,182.50781,259.3683,545.20996,197.22899,546.85626,299.85046,313.50845,187.55853,227.5563,289.64252,291.92368,238.08713,245.84612,318.85275,173.32024,291.57172,152.85007,
1761241916456,SQUAT,57.027298,15.818787,11.665741,0.34094238,82.67871,59.008118,21.275238,NaN,NaN,316.01416,238.14804,181.12074,244.64734,258.4253,336.3921,211.03703,320.5733,253.3675,445.54855,433.8828,178.87604,258.5238,544.8215,196.42308,544.4805,303.80975,310.03287,190.76764,227.35416,297.03622,306.46057,238.63406,247.45245,320.9089,176.75308,292.37158,155.47784,
1761241916529,SQUAT,58.811676,16.203094,12.930115,1.6136475,82.94348,75.015656,22.938889,NaN,NaN,315.38663,240.44376,181.63208,244.62144,254.38477,336.31088,207.95114,320.1078,252.35144,446.00964,433.07953,177.62628,257.24234,544.2805,195.70056,545.89417,299.15118,309.83313,189.61728,226.88965,299.74203,322.6706,240.53616,247.65494,320.97968,179.24867,293.91086,156.30978,
1761241916613,SQUAT,55.21808,15.422485,9.63736,1.5077515,81.414246,48.8313,23.177032,NaN,NaN,312.13922,239.16138,183.9433,243.16962,254.46062,337.18958,207.46745,321.7671,253.28352,446.40842,436.77106,178.90749,260.99557,546.32904,195.32507,547.8368,295.81122,313.7293,188.48016,232.31506,290.57413,297.42175,240.43239,248.59045,319.65643,178.95233,290.18353,155.7753,
1761241916688,SQUAT,54.511826,14.156921,6.8731384,1.7358398,79.79573,41.45778,20.190033,NaN,NaN,310.9637,237.73935,183.22752,238.73204,253.8729,338.59647,205.43283,324.43954,253.87946,448.14633,441.2732,179.96863,262.31396,548.6759,195.70186,546.94006,295.10086,313.7541,186.93655,233.95836,291.2392,289.76413,238.94366,248.30635,315.38257,175.8534,285.75922,155.66336,
1761241916774,SQUAT,53.328033,14.092316,7.7310486,1.5808716,71.89531,41.959747,18.822891,NaN,NaN,310.1951,237.53763,184.2096,236.65706,255.89479,338.9181,204.89517,324.82578,254.53288,446.55823,438.82718,184.20273,261.32642,548.59015,195.39066,547.0093,296.07944,309.84354,186.4993,237.94823,291.3594,290.13513,237.2672,248.17538,314.21967,173.00346,283.66266,154.18057,
1761241916861,SQUAT,46.380524,12.751892,6.5468445,0.58599854,68.05,51.051056,18.12561,NaN,NaN,309.1579,235.79364,189.41312,232.50443,256.3941,340.3627,205.80296,327.6108,260.1171,446.0049,439.45807,181.93779,262.3832,547.76825,194.97537,547.18225,296.7884,307.6957,185.40047,239.6457,294.24936,300.4884,234.5994,249.43735,310.28476,172.85643,277.33127,154.73082,
1761241916934,SQUAT,44.128616,14.18985,12.648254,3.5736084,62.6333,51.704453,16.789993,NaN,NaN,307.88434,239.29634,195.16772,230.0271,256.17007,343.82745,206.13269,329.6376,257.1905,449.67255,437.0243,179.79851,260.276,545.4696,196.1868,541.896,294.83636,312.0362,187.31677,249.4029,291.55084,303.00168,238.2232,251.29723,306.55728,174.14949,275.0362,157.3595,
1761241917012,SQUAT,45.87854,10.500671,7.943634,2.8060303,68.803345,70.99426,14.931824,NaN,NaN,308.17303,245.22626,199.34772,231.84,256.26227,346.1565,206.38904,335.65582,258.14795,453.07318,445.12955,181.71956,261.2304,547.2438,198.37271,544.43774,297.58652,320.30585,185.14665,251.5025,297.18088,328.84802,233.18265,257.85376,304.0883,180.25226,276.14026,165.32043,
1761241917091,SQUAT,42.0439,11.214294,12.978088,4.2369385,69.848816,65.71979,12.604324,NaN,NaN,308.69904,253.35739,211.31349,232.11339,255.44472,350.87152,206.76712,339.65723,262.55524,458.66125,445.68317,178.93968,261.67117,551.52277,198.53946,547.2858,298.46683,327.98883,183.82956,258.14,295.5331,331.14337,232.5903,265.42358,302.59802,188.49098,277.5024,175.88666,
1761241917169,SQUAT,41.28047,13.504913,14.1362915,5.7267456,71.61157,61.548553,14.866196,NaN,NaN,305.76297,261.64502,220.36455,231.23929,252.37619,359.77036,204.96996,346.26544,263.67935,461.0855,446.94922,172.63974,261.2116,551.4375,196.52733,545.71075,295.0604,337.7747,182.23447,266.16312,292.5321,336.83414,232.17151,275.28558,301.63007,202.93434,275.2732,188.06815,
1761241917256,SQUAT,44.60919,13.083496,8.654755,3.8166504,71.0029,77.63608,13.512253,NaN,NaN,302.9615,273.47516,228.86597,232.59314,249.9977,364.9008,205.1712,351.8173,267.24023,457.48566,448.8309,170.09196,262.59622,551.1377,197.00117,547.32104,293.64175,346.94672,186.78485,275.94382,313.8371,364.8568,236.22652,287.22073,300.91302,213.98108,280.68665,200.46883,
1761241917327,SQUAT,47.919235,15.281464,9.098694,5.345825,76.77377,27.941925,18.90335,NaN,NaN,308.58566,286.85736,238.93813,232.0981,253.2121,376.76587,203.95465,361.4844,268.74066,459.97217,450.87347,167.43533,262.55695,552.41907,195.00818,547.07324,299.60675,367.3423,184.92935,290.5685,284.08844,328.37457,243.09714,300.43265,305.78506,233.28519,278.51944,214.38184,
1761241917408,SQUAT,47.188965,14.443237,13.261475,8.399109,75.70569,27.84726,18.048553,NaN,NaN,312.1202,305.97278,258.7838,234.60274,253.77214,387.48236,203.71269,373.03912,261.65695,469.7049,456.44342,167.34215,263.55112,553.2574,195.01877,544.8583,305.30515,383.2997,188.04228,307.59402,282.87033,345.34943,240.79135,317.50217,310.2992,250.93488,282.81308,232.88632,
1761241917498,SQUAT,43.230164,14.449097,6.472351,7.2282104,80.111755,25.583344,16.134064,NaN,NaN,313.0691,321.78577,278.5556,234.53897,251.34848,399.17676,203.49863,384.72766,262.5484,465.73834,459.266,166.69511,262.34406,556.3108,193.51773,549.0826,306.99744,405.4406,182.94783,325.32886,281.94827,362.32132,237.42441,336.73798,309.28433,266.56073,281.58527,250.42667,
1761241917566,SQUAT,44.574066,17.243652,10.31955,12.788391,80.69977,29.237152,16.902008,NaN,NaN,312.85635,338.6715,294.09744,237.12242,251.716,411.23724,205.10112,393.9936,261.58212,478.31268,467.99313,162.07417,261.71826,559.23956,193.14935,546.4512,308.77853,421.55872,185.5816,340.85895,281.6137,382.08798,239.42847,352.85083,308.56287,285.5473,281.02792,268.6453,
1761241917654,SQUAT,42.57065,16.460938,19.197937,12.529541,72.24228,29.463562,18.26065,NaN,NaN,311.72842,355.2556,312.68497,234.75783,254.72568,426.9845,208.65384,410.52356,261.9789,485.63904,466.4411,160.17812,262.0801,558.0114,194.42386,545.4819,308.45084,435.80142,185.73553,363.55914,283.70367,400.08118,239.49933,370.6176,308.1271,303.34177,281.16183,285.08112,
1761241917731,SQUAT,43.53128,16.186768,10.990265,9.233215,73.85831,28.700073,17.893951,NaN,NaN,310.4055,372.8106,329.27933,232.25945,256.88208,441.64954,212.14764,425.46277,261.071,480.33813,469.34787,159.7191,259.21143,554.9918,195.71536,545.7586,306.54648,453.12302,184.05367,379.2647,283.20193,416.2785,242.34937,387.57843,306.89938,320.8581,278.34174,302.96414,
1761241917806,SQUAT,42.49176,16.69986,26.31839,9.237305,72.46973,28.875092,17.888855,NaN,NaN,306.4276,385.56686,343.0751,230.05304,253.82927,456.41357,209.15775,439.7137,264.37265,499.45224,473.13385,160.59174,258.98474,557.47656,194.51581,548.23926,308.22806,465.68127,181.62149,393.21155,280.70148,430.17975,240.6855,401.30466,303.85098,334.4722,277.9185,316.58334,
1761241917890,SQUAT,42.785706,18.166595,31.776825,11.800598,75.42493,30.269348,19.216614,NaN,NaN,306.13922,400.8988,358.1131,229.65874,254.27382,472.47043,207.74173,454.30383,267.53918,501.37173,469.5949,155.99278,257.34543,555.5903,193.7146,543.7897,307.2984,481.2895,180.10359,405.86456,282.46307,446.6161,242.9753,416.34674,303.52267,349.60178,274.86896,330.38516,
1761241917965,SQUAT,43.63336,18.947845,41.598114,6.533386,74.44943,34.2464,19.17984,NaN,NaN,305.8246,410.6147,366.98132,230.71248,255.4392,482.92828,208.73691,463.98044,274.6452,512.2667,470.6686,158.701,259.43994,553.6596,192.34908,547.1262,311.9312,490.59293,180.91472,416.1435,280.72928,460.86823,237.81241,426.62183,303.70233,360.27527,273.5452,341.09543,
1761241918038,SQUAT,41.76004,19.131195,44.069427,11.465149,72.175964,32.65442,19.159363,NaN,NaN,306.57776,415.40402,373.64398,232.74985,258.79602,488.49918,210.9086,469.36798,283.61,517.4242,473.35477,161.01804,262.49585,557.7578,193.59613,546.29266,314.29932,492.80914,180.09506,420.63318,282.6994,464.06757,237.21747,431.41315,304.53372,365.46838,273.17914,346.30902,
1761241918104,SQUAT,41.212555,18.964844,42.075073,9.211609,69.65491,33.621582,17.667572,NaN,NaN,307.24933,417.84103,376.62848,231.85524,256.8967,490.3092,210.77837,471.34436,277.73672,513.7002,471.62512,165.70547,259.73328,559.47504,192.3457,550.2634,317.10983,494.61316,177.53703,424.95825,284.9644,468.28046,234.07115,434.65887,303.0246,367.43396,273.11874,349.7664,
1761241918175,SQUAT,41.919556,18.781647,39.991028,9.527527,70.66037,34.481506,18.346924,NaN,NaN,307.5992,419.64355,377.724,232.40392,256.16888,490.93533,209.96924,472.1537,274.83746,513.30194,473.3109,164.08365,258.90118,560.44244,192.37576,550.9149,319.54282,493.28973,179.83562,422.62936,283.81833,470.07733,234.39885,435.59583,303.67242,370.03558,273.47354,351.68866,
1761241918247,SQUAT,41.414276,17.944977,36.72928,15.0876465,70.75296,35.674927,19.45221,NaN,NaN,307.06537,417.4866,376.07233,232.8427,251.56213,489.45224,206.82169,471.50726,277.19214,509.42548,472.6962,164.71698,258.67056,560.2603,193.55719,545.17267,317.33893,491.5773,179.19543,420.82434,283.32907,470.1775,235.86716,434.50256,304.94,370.00717,272.96515,350.55496,
1761241918320,SQUAT,42.66208,18.698517,31.358215,13.463013,69.484344,35.5495,17.76361,NaN,NaN,306.69016,415.69034,373.02826,233.29414,254.21082,484.76498,209.78766,466.06647,281.1797,505.62006,474.26184,165.88066,261.55865,558.9888,192.45297,545.52576,316.16937,487.64865,178.52847,418.1643,283.001,468.6624,235.18152,433.1129,306.58032,366.41492,274.70178,348.6513,
1761241918403,SQUAT,44.047577,18.595459,33.89566,14.238464,74.68686,36.387085,19.24881,NaN,NaN,305.05066,411.68033,367.63275,233.14357,251.85854,478.88116,207.23228,460.2857,284.36255,510.46094,476.56528,160.73235,261.35843,560.3004,193.19804,546.06195,314.78806,484.21237,180.15836,409.5255,282.39975,464.62732,234.85565,428.24023,306.87964,363.31268,276.53012,344.06387,
1761241918470,SQUAT,48.69284,18.400757,30.24881,12.922546,84.60889,38.811523,20.915741,NaN,NaN,305.47748,408.74405,360.0512,234.93994,251.00339,472.55038,206.68979,454.14963,274.29178,514.31665,484.06784,159.90843,260.1416,555.6415,193.64055,542.71893,312.29822,485.7343,180.01953,401.12543,279.9648,461.31686,233.78175,422.50534,306.77356,360.79227,278.40582,339.87653,
1761241918536,SQUAT,49.114594,18.595764,21.590546,11.592041,86.886475,36.87509,19.931213,NaN,NaN,304.5491,401.95544,352.84085,235.74762,248.74869,465.39227,205.52612,446.7965,268.466,505.3868,483.79626,158.76578,260.04706,555.5238,195.9574,543.93176,307.43198,477.90033,178.59515,391.01385,274.24347,450.61124,231.79153,413.73615,308.17725,353.22128,279.49835,333.29007,
1761241918598,SQUAT,48.808502,20.312317,18.24887,12.414429,84.87991,38.87903,20.361237,NaN,NaN,301.69214,393.74762,344.93912,236.57211,245.58815,458.66205,204.01439,438.34973,265.00894,497.90042,479.65155,163.01459,263.35992,557.4964,194.65314,545.082,305.0553,465.36578,177.74886,380.48587,272.55524,443.1441,229.00441,404.26508,308.83447,346.01956,282.1245,325.65833,
1761241918667,SQUAT,46.191345,16.970245,5.8372803,12.365784,86.998474,31.692871,19.870697,NaN,NaN,302.62775,380.0088,333.81744,238.03647,244.13795,444.96445,202.3906,427.9942,263.0137,485.3963,479.55902,164.23213,262.5483,559.292,195.28506,546.9262,300.52753,456.08356,177.89778,369.08508,272.48907,426.38354,231.35832,394.69067,309.5704,333.83365,284.45605,313.96295,
1761241918731,SQUAT,50.341095,18.872864,6.477661,14.356628,94.03821,24.580383,19.349792,NaN,NaN,305.12204,374.76547,324.42438,238.97807,243.45981,435.60703,201.18562,416.73416,263.0738,475.14606,468.6684,166.2512,262.2893,556.9541,191.93825,542.5975,300.84155,453.15338,176.73267,359.11517,276.18988,411.1935,229.78645,386.61313,312.76025,323.38943,285.9647,304.03964,
1761241918800,SQUAT,48.69153,18.8844,8.026794,8.690857,88.94394,25.690887,19.873962,NaN,NaN,306.25043,363.0265,314.33496,237.76837,241.57687,424.10754,198.83115,405.22314,258.5139,473.7885,465.76172,171.6221,259.47946,554.0024,193.02724,545.3115,302.98486,442.558,176.14082,353.61407,276.30972,405.01053,231.42677,379.31964,314.87878,313.3039,287.7424,293.42993,
1761241918879,SQUAT,49.42697,19.341278,14.306854,9.657043,82.04346,22.257172,20.105164,NaN,NaN,307.47562,353.4776,304.05063,237.84735,242.32207,412.87613,200.1986,393.53485,256.5225,470.38712,456.08026,173.52238,258.2688,554.61926,193.85359,544.9622,299.2788,429.1908,180.56546,347.14734,273.10278,391.76978,237.83423,369.5126,317.26947,301.338,289.08466,281.23285,
1761241918954,SQUAT,50.262695,18.058075,11.232056,9.531555,86.211975,23.205048,19.155884,NaN,NaN,305.12405,342.48767,292.22498,238.60797,242.5224,403.1503,196.92523,385.09222,255.13438,468.601,457.36896,169.46638,259.99347,556.5075,192.9122,546.97595,297.8813,418.9964,181.81891,332.78442,270.86926,379.46558,238.5344,356.26053,317.55557,287.92117,289.82355,268.7653,
1761241919025,SQUAT,50.07538,18.903809,20.95166,13.113403,89.380585,28.229553,18.249237,NaN,NaN,307.1347,329.85345,279.77808,239.38007,241.48737,396.39233,197.75645,377.48853,255.84686,472.43488,451.48322,169.07239,260.28952,556.7048,190.48915,543.5914,296.89178,411.30215,182.20284,321.92157,271.7549,368.62115,237.23354,340.3916,318.95923,273.71338,292.0699,255.46414,
1761241919093,SQUAT,54.298035,20.06488,15.890381,4.737671,87.01752,30.524536,18.176422,NaN,NaN,312.63782,320.36658,266.06854,243.29472,245.45978,385.6236,199.44582,365.55872,257.40915,465.52414,449.63376,170.2844,260.20566,551.5723,190.15367,546.83466,293.58203,396.3518,184.70914,309.3343,275.32465,359.5274,239.85999,329.00287,322.91443,259.76517,294.55774,241.58875,
1761241919167,SQUAT,51.79123,17.976807,14.980469,5.860779,80.00589,31.046143,20.531464,NaN,NaN,312.34415,304.15234,252.36111,241.59105,249.238,377.22986,200.15292,359.25305,259.0985,460.43,445.44952,171.9251,262.31024,550.7655,190.12296,544.9047,289.6468,377.24237,185.68661,297.23648,278.5822,348.48578,240.82806,317.43964,320.82394,246.32556,294.04385,225.7941,
1761241919254,SQUAT,53.36319,18.02597,16.265503,7.888489,86.81787,32.643982,20.11821,NaN,NaN,315.69458,288.14517,234.78198,246.55727,251.296,366.5077,204.93495,348.48172,260.24194,458.08405,441.81854,174.93439,260.67804,551.9427,190.31871,544.0542,293.8727,362.526,189.537,275.70813,281.5747,333.02063,241.50728,300.37665,326.10995,230.74623,301.1866,210.62802,
1761241919325,SQUAT,55.69992,19.044586,13.663239,7.067871,88.09598,41.724854,18.64029,NaN,NaN,321.30713,279.9575,224.25757,250.16902,256.29388,357.99646,209.72311,338.95187,261.28854,451.18198,437.51874,179.81012,260.6891,551.31525,191.89009,544.2474,300.71167,353.09586,191.08368,264.99988,289.81085,325.98755,241.9073,284.2627,330.49033,217.14522,302.67484,198.50493,
1761241919405,SQUAT,54.823883,15.370911,11.122284,2.0161743,85.6057,55.899536,19.183563,NaN,NaN,322.8642,267.60477,212.78088,254.59105,258.1669,353.33725,210.54526,337.96634,261.794,450.78262,439.66034,181.70174,261.71857,548.2356,191.43263,546.2194,300.65817,336.87256,194.92683,251.26686,292.64682,327.9327,244.4918,272.03317,332.96954,204.42398,304.37964,185.24042,
1761241919492,SQUAT,48.202377,18.023743,16.440582,3.5233765,86.74631,80.059326,19.82373,NaN,NaN,328.5339,250.64926,202.44688,259.0566,262.3215,348.40485,214.52039,330.3811,262.43335,453.853,437.4124,183.31813,262.0079,548.8525,195.1933,545.3291,314.3704,322.3139,200.8212,235.5676,310.3063,338.70435,244.20874,258.64502,336.27213,194.34695,307.01334,174.52322,
1761241919564,SQUAT,55.856216,20.07016,16.050385,7.102722,100.4592,40.095352,21.656265,NaN,NaN,331.05774,250.58163,194.72542,258.8514,265.0009,344.49802,215.5513,324.42786,262.36465,452.62546,436.57507,190.19154,263.18073,548.2087,193.31177,541.10596,307.60275,332.0778,198.96376,231.61859,290.29437,294.6192,248.3041,254.52385,338.47964,189.60373,307.23123,167.94746,
1761241919654,SQUAT,55.360443,19.980225,15.463104,4.3415527,93.98425,48.754196,21.237167,NaN,NaN,332.40814,245.44205,190.0816,260.6768,267.4615,342.72668,216.60583,322.74646,264.38715,451.04248,435.57938,191.66156,264.07693,546.0824,193.98216,541.74084,318.0195,320.7422,199.5354,226.75793,295.79932,297.05948,249.2529,248.30528,339.3948,185.7086,307.77637,164.47144,
1761241919722,SQUAT,54.589767,19.99118,13.125488,1.8621826,88.289215,50.07814,20.579071,NaN,NaN,334.16174,242.8125,188.22273,262.23624,269.62228,340.5518,219.23462,320.5606,266.6306,446.2169,433.0914,190.5088,264.2036,543.49176,193.12717,541.6296,314.95737,315.1868,203.83553,226.89758,297.0449,296.813,251.38069,246.73485,341.3291,181.96793,308.32626,161.38885,
1761241919805,SQUAT,56.08145,15.928772,12.683655,5.6694946,89.55501,58.773224,21.789291,NaN,NaN,331.98413,243.17065,187.0892,260.1829,270.48856,339.56128,219.80962,323.6325,264.19763,444.7724,432.08875,189.63643,263.54266,545.91974,193.04002,540.25024,314.40607,319.49054,200.6254,229.93553,296.92227,302.939,247.84238,244.16577,340.63785,180.29636,308.59735,158.50706,
1761241919893,SQUAT,54.59665,14.430054,11.226288,1.6338501,87.95743,79.80951,20.704483,NaN,NaN,333.00156,239.8346,185.23795,261.4345,271.8409,338.63232,222.0187,324.20227,265.6914,442.97562,431.74933,187.10959,261.46606,543.4539,193.6028,541.82007,317.8681,311.00168,203.47118,223.04425,310.05817,322.16077,247.23993,242.35126,340.01532,177.8479,308.65405,157.14342,
1761241919970,SQUAT,53.021408,12.344208,10.552246,0.93530273,87.01796,57.2753,22.20996,NaN,NaN,328.33325,237.7913,184.7699,254.02908,271.3745,338.2408,220.46832,325.8966,264.85748,442.36148,431.80923,185.89003,262.5845,542.30237,192.9498,543.2377,312.81406,310.51703,198.61363,223.49907,297.57355,299.5324,246.60779,242.25711,336.87286,180.58148,305.68787,158.37152,
1761241920058,SQUAT,51.257782,12.893768,11.5685425,4.5440674,89.96463,49.35994,20.759674,NaN,NaN,329.96823,236.63727,185.37949,257.01685,273.5291,340.04144,222.55885,327.14767,262.65707,446.35828,434.78973,188.08315,260.86145,544.02856,192.82863,548.57263,316.11777,312.10086,198.72514,222.13623,293.91156,290.3113,245.51631,240.95137,335.76788,178.82632,304.42773,158.06665,
1761241920115,SQUAT,51.914917,12.243652,9.243469,1.0808716,94.154434,58.11995,21.469086,NaN,NaN,326.03168,237.09007,185.17516,255.23088,271.8882,338.40637,222.31961,326.16272,264.05975,444.7815,435.53802,187.5022,260.91873,547.16864,194.68935,548.2495,313.2395,316.33447,197.64201,222.18004,298.56876,299.1413,244.87398,241.02135,333.7412,179.86179,302.79727,158.3927,
1761241920198,SQUAT,56.766907,12.037781,8.383759,1.0908203,94.83969,49.39067,22.57994,NaN,NaN,326.31686,241.44203,184.67513,253.80469,270.85086,338.1091,222.75876,326.07132,266.4252,444.82785,436.4441,188.01102,261.0642,546.4009,194.75723,545.31006,309.06442,317.30643,194.69746,222.46674,297.87366,290.1784,243.79643,240.78773,333.55957,180.65233,302.24637,158.07239,
1761241920283,SQUAT,56.0056,10.632935,6.494232,0.9468994,99.52734,48.162643,24.075562,NaN,NaN,323.023,238.94055,182.93495,252.913,268.36545,335.5078,221.13754,324.87488,265.76498,443.0994,436.60516,187.29027,262.24973,544.0315,193.94106,544.9784,308.36417,320.2674,198.8764,220.74005,293.02188,289.83798,245.05139,241.67534,332.23322,181.0604,302.87067,156.98483,
1761241920365,SQUAT,55.310486,12.9236145,5.954132,0.6375122,91.964264,68.39401,24.973999,NaN,NaN,322.84583,238.93948,183.629,252.33499,268.38135,340.42264,221.60147,327.49902,265.51562,442.6112,436.65707,186.3075,261.97754,543.54285,194.4944,544.18036,313.18665,317.05936,197.3661,225.0951,302.6154,309.70496,242.06943,241.31094,332.333,182.61136,304.27072,157.63736,
1761241920444,SQUAT,57.427124,10.998688,7.798828,0.09234619,98.68445,53.50836,25.22493,NaN,NaN,324.3056,241.20782,183.7807,252.79504,267.89072,336.57883,220.82217,325.58014,264.98224,443.83472,436.0359,186.4646,261.5495,544.362,194.26385,544.45435,308.19608,321.66837,197.20834,222.98392,291.58063,295.56628,244.44789,242.05792,332.74176,183.80081,304.01425,158.57588,
1761241920525,SQUAT,56.898224,10.818878,7.41098,0.85839844,99.91872,55.53418,23.821106,NaN,NaN,325.67813,241.96698,185.06876,254.02731,268.50845,337.59586,221.16438,326.77698,261.90118,442.893,435.48203,186.14835,261.94446,544.26904,194.69731,543.41064,311.7377,322.458,196.26228,222.53929,295.0128,297.4228,243.38437,241.88861,334.03232,183.70958,305.30145,159.88847,
1761241920602,SQUAT,58.7493,11.661987,9.37384,1.0807495,102.55524,55.07016,23.942902,NaN,NaN,326.78238,242.40579,183.6565,254.84332,268.68387,336.52774,221.1543,324.86575,263.71,443.3103,433.93646,186.6578,261.1349,543.4644,195.47913,542.38367,311.69638,323.26874,200.1328,220.7135,297.01053,298.82968,246.35542,243.75952,336.4328,184.69308,306.527,160.75018,
1761241920688,SQUAT,59.2677,14.539215,11.046173,1.3710938,98.35469,54.901337,24.276215,NaN,NaN,327.4853,244.14609,184.87839,256.83405,266.3715,340.69427,219.47327,326.15506,261.85532,448.29892,437.25275,186.90912,259.8297,546.05035,194.4804,544.67926,308.49445,323.37283,200.21017,225.01814,297.5635,299.9388,245.89757,245.03748,337.40787,185.76332,307.70215,161.4871,
1761241920763,SQUAT,58.480835,14.764709,12.498474,1.0123291,101.11058,56.465103,23.74083,NaN,NaN,328.6465,245.93921,187.45837,257.21774,266.28552,342.24942,219.05756,327.4847,260.5408,449.50006,437.0016,186.15878,259.3933,545.4196,195.24864,546.43195,312.0671,327.06387,200.81027,225.9533,298.08417,301.3192,245.88661,244.85411,338.57913,187.08252,309.07394,163.34169,
1761241920849,SQUAT,58.19493,14.763611,10.911804,3.9315796,101.89838,52.293427,23.080704,NaN,NaN,329.43655,248.01729,189.82236,257.92422,268.09998,342.20883,218.44472,327.44522,260.5383,447.9251,437.0133,185.63365,260.69327,543.0737,194.14204,547.0053,317.05182,331.69144,201.50829,229.79306,301.3602,297.71915,246.11864,245.42572,338.78076,188.54149,309.07153,165.46078,
1761241920934,SQUAT,56.696075,15.281982,11.255493,3.782837,90.97595,53.689957,23.602875,NaN,NaN,328.64032,248.77444,192.07837,259.0934,265.9422,345.55927,217.48671,330.27728,262.81293,453.37714,442.12164,183.08043,262.11108,543.9618,193.92874,547.7446,319.4409,321.9806,201.6435,231.00464,301.70813,303.2341,247.62872,249.54414,340.0164,192.12662,311.3506,168.52374,
1761241921004,SQUAT,57.332947,16.298706,11.669525,2.1455078,97.028015,45.956635,21.929077,NaN,NaN,329.94708,252.91278,195.57983,262.4194,264.83777,347.80643,217.13116,331.50772,264.01404,452.9854,441.3159,179.78537,263.15277,547.29425,193.37529,545.14874,324.98956,329.71072,204.78517,232.68271,299.686,298.73328,251.04227,252.77664,340.49863,195.37854,313.77188,173.44946,
1761241921089,SQUAT,54.034485,17.314789,17.929138,2.060669,91.9418,54.371124,21.756119,NaN,NaN,331.69382,256.0688,202.0343,263.61807,265.28204,349.95486,217.62526,332.64008,267.4004,455.63354,437.7044,178.53946,263.22092,549.2553,194.78036,547.19464,327.36578,327.96478,205.70493,236.02298,305.32718,313.91605,253.35388,259.54492,340.47427,200.56389,313.98434,178.80777,
1761241921161,SQUAT,51.91487,17.338562,12.85556,4.4891357,102.231476,45.67743,20.789871,NaN,NaN,333.5035,266.71643,214.80156,265.2917,265.97702,356.7137,216.92172,339.37515,271.73175,455.24207,442.3865,174.40237,264.66254,550.6159,192.1362,546.1268,320.93866,346.98135,206.00818,244.74988,296.99445,314.97748,255.69658,269.30005,341.0357,212.05887,315.26447,191.269,
1761241921249,SQUAT,52.09543,19.41507,20.777008,9.165039,97.21115,42.245422,21.007034,NaN,NaN,328.7732,275.54376,223.44833,262.0416,259.74866,365.8366,214.7966,346.42154,274.5312,463.66837,442.89136,175.05518,264.19397,554.97614,191.51883,545.8111,318.03647,353.06168,204.02367,255.85052,300.56934,325.8811,254.27187,283.63568,337.25864,222.23605,313.44394,201.22902,
1761241921320,SQUAT,53.809753,18.237549,18.386353,10.024048,99.08899,29.705475,19.630386,NaN,NaN,327.67322,285.05176,231.242,259.72922,259.2188,367.36783,212.68864,349.13028,274.5734,462.4745,444.08813,170.20691,263.26312,556.27466,191.79147,546.2506,319.58423,366.564,203.78644,267.475,299.1021,326.19336,256.935,296.48788,338.01257,234.11192,315.7129,214.48154,
1761241921403,SQUAT,58.18051,20.16925,17.659668,10.291382,106.03882,33.393738,21.939728,NaN,NaN,328.14142,302.91922,244.73871,260.97525,260.14917,380.5714,214.29585,360.40216,275.9933,464.97302,447.31335,168.63452,262.43698,555.6533,190.72124,545.36194,313.44403,383.6215,203.13068,277.58267,292.55865,342.2871,252.89037,308.89337,336.2776,250.242,312.47458,228.30228,
1761241921486,SQUAT,55.521576,21.978058,21.754944,10.688416,107.51758,32.78305,22.563599,NaN,NaN,327.74063,318.70312,263.18155,262.19012,259.3583,390.51947,215.24341,368.5414,273.96725,466.41187,444.65692,168.13892,261.78467,555.1157,191.03717,544.4273,315.73407,401.7624,204.91814,294.2448,292.6721,356.06693,254.13663,323.28387,336.21024,268.7819,311.76697,246.21829,
1761241921562,SQUAT,52.25351,19.38977,27.915436,14.395691,100.07675,27.402191,19.968018,NaN,NaN,325.47906,330.73645,278.48294,256.88693,261.54294,395.75092,215.65105,376.36115,269.99435,474.15125,446.2358,169.29994,260.84796,559.3496,189.90227,544.9539,315.9684,417.8935,198.79277,317.81674,295.09857,368.95978,252.2489,341.5576,333.2474,282.749,307.0549,262.78098,
1761241921640,SQUAT,52.92163,18.477264,27.31015,13.2612915,95.495575,25.843262,21.712189,NaN,NaN,321.4523,347.36435,294.44272,253.01262,260.30106,412.09958,215.55078,393.6223,266.75046,476.00095,448.6908,164.48325,262.412,556.1904,187.31413,542.92914,313.08472,429.2964,196.94353,333.8008,291.06158,385.92792,250.15483,360.08466,328.19165,300.07175,304.88593,278.35956,
1761241921729,SQUAT,51.818207,19.37384,19.195435,12.817871,88.483154,28.100922,22.13263,NaN,NaN,321.53128,362.22012,310.40192,246.6168,263.33746,425.42487,218.50465,406.05103,263.41016,469.47437,450.27893,164.6319,262.3451,554.84045,189.78848,542.0226,312.46857,446.6106,193.37398,358.12744,290.6408,406.83325,248.84053,378.73233,324.66803,315.1646,301.35056,293.03198,
1761241921802,SQUAT,48.908264,18.727234,13.188934,10.478394,86.17676,26.284058,22.05722,NaN,NaN,317.97833,377.03265,328.1244,244.4424,263.26877,437.54358,218.23706,418.81635,264.4796,464.89426,451.70532,161.73434,261.30487,552.7449,190.42323,542.2665,310.22794,459.84723,193.61311,373.67047,283.79932,418.3178,250.14078,392.03375,320.5197,333.49164,295.33746,311.43442,
1761241921885,SQUAT,48.139526,19.097198,20.948517,5.730652,80.42203,23.078247,22.83258,NaN,NaN,315.20804,391.80176,343.66223,241.78442,260.53482,454.1808,214.89919,435.0836,263.14935,473.31512,452.3666,161.01764,261.61484,551.28906,188.76697,545.5584,307.49506,472.53952,188.46124,392.1175,282.32233,430.1433,248.09924,407.06506,319.03125,346.87982,291.5539,324.04724,
1761241921970,SQUAT,51.788452,22.398468,35.196503,10.945862,84.66849,25.59143,21.19043,NaN,NaN,314.36832,406.0396,354.25116,242.11017,255.86887,465.89877,212.04904,443.5003,255.34741,485.47836,450.28186,160.43613,258.23102,552.85394,186.42033,541.9081,305.09296,485.83185,185.92131,401.16336,278.5936,442.0462,241.02948,416.45477,318.11865,357.21307,290.03616,336.02264,
1761241922055,SQUAT,54.465424,22.510956,41.312836,9.541626,90.328,29.655151,23.492859,NaN,NaN,311.69928,418.31967,363.85425,243.4041,252.11652,474.66016,210.11597,452.1492,261.97272,494.94308,453.63025,156.93138,258.908,553.0077,186.04053,543.46606,300.91226,496.13153,188.50371,405.80353,276.47012,456.51337,239.92178,426.85822,317.7212,368.2979,287.22836,344.80505,
1761241922115,SQUAT,54.609985,23.118317,62.2334,15.257324,92.56677,31.770508,22.71997,NaN,NaN,312.94485,426.10742,371.49744,244.14565,253.289,482.39548,211.58286,459.27716,266.58453,520.617,458.3836,155.73398,260.81305,557.1527,190.16284,541.8954,301.5626,502.85672,188.49178,410.28995,273.97104,465.51163,238.3855,433.74112,318.56082,377.90558,287.11172,355.1856,
1761241922196,SQUAT,55.201263,24.58075,63.274048,16.9057,94.51987,38.31015,24.39444,NaN,NaN,313.5276,432.31003,377.10876,246.12363,254.4755,486.25684,212.58572,461.6761,259.732,518.1542,454.88013,157.09593,254.82602,560.2435,191.5607,543.3378,304.96722,510.1745,187.1319,415.65463,276.39243,475.46146,237.0082,437.1513,318.196,385.16748,284.4888,360.77304,
1761241922241,SQUAT,53.865753,24.538635,52.957428,16.939087,88.93463,38.338196,25.24231,NaN,NaN,313.8412,435.0223,381.15656,245.03363,256.12787,489.2448,214.71515,464.70618,269.72614,513.9796,461.0222,155.32285,254.96198,562.9922,193.49162,546.0531,307.91425,507.49576,185.24983,418.56113,275.7751,479.37427,234.9093,441.03607,318.55243,389.59903,284.54675,364.35672,
1761241922332,SQUAT,53.15753,24.674225,50.233093,19.453552,86.197205,42.31302,23.61026,NaN,NaN,312.74747,436.43213,383.2746,243.42348,258.26358,491.64,215.51108,466.9658,276.0732,513.5458,463.31268,156.83209,260.2177,561.97363,194.13797,542.5201,311.15594,505.72327,187.00415,419.52606,280.13504,484.01584,232.87077,441.70282,316.61597,391.43573,283.73755,367.82547,
1761241922393,SQUAT,53.24646,20.895142,50.17459,16.511108,82.69125,32.60486,23.996552,NaN,NaN,313.05072,436.3184,383.07193,243.56772,257.41852,487.24524,214.60521,466.3501,277.78265,512.10913,461.93454,156.0118,264.32764,560.95575,190.53163,544.44464,309.0283,504.68524,185.31941,421.994,277.0526,474.16083,233.22287,441.55597,316.3815,391.34637,283.9381,367.34982,
1761241922461,SQUAT,53.7023,22.001404,51.835114,17.135376,86.825195,27.505524,23.76294,NaN,NaN,312.95914,435.53973,381.83743,244.153,256.09787,487.78058,214.50087,465.77917,276.41055,517.873,466.03787,153.55104,261.5016,560.7897,190.68602,543.6543,306.78387,505.2594,184.0117,418.4342,275.2729,467.16235,230.43292,439.65683,316.0517,389.54526,282.48502,365.78232,
1761241922542,SQUAT,52.011932,22.537079,48.104584,14.4505005,91.84775,27.776184,19.006836,NaN,NaN,312.58865,432.16028,380.14835,244.48645,255.52725,488.50253,214.52266,465.96545,275.02136,513.46454,465.35995,153.24124,260.92758,558.9738,188.60008,544.5233,304.7848,504.8389,183.77002,412.99115,271.05856,463.4115,230.9036,435.6353,314.44293,381.18994,280.88126,362.1831,
1761241922611,SQUAT,52.364563,20.02414,33.339874,19.711426,93.888245,24.084045,19.70752,NaN,NaN,310.1069,426.87732,374.51276,240.72716,253.85706,482.14508,211.63042,462.12094,272.8575,498.95923,465.61935,154.68207,260.79474,559.93933,187.63478,540.2279,304.57648,500.95203,179.66272,407.06378,262.75903,452.7272,224.45036,428.64316,312.81955,376.41437,278.61334,356.70685,
1761241922671,SQUAT,51.19165,19.141449,28.082825,17.466003,89.06833,23.600067,20.986023,NaN,NaN,307.88132,416.99933,365.80768,236.73705,252.74655,472.6675,209.95393,453.52606,266.94287,489.73523,461.6524,154.37808,261.09137,557.2193,188.19409,539.7533,300.82312,488.64294,177.57211,399.57462,260.25653,440.06015,221.34369,416.46008,310.7188,366.7426,278.2637,345.7566,
1761241922755,SQUAT,50.46463,18.757355,15.418976,11.026184,90.26538,20.443481,17.340729,NaN,NaN,308.24872,407.95728,357.49265,240.9734,253.28558,462.94614,209.27716,444.18878,273.80515,488.6064,473.18744,152.5013,260.89224,553.8355,188.60255,542.8093,296.80777,479.80756,178.62384,389.54218,257.2237,425.07043,223.42068,404.62695,311.04846,354.3411,280.0112,337.00037,
1761241922812,SQUAT,49.73587,19.25943,9.609985,14.793335,92.12967,20.124115,14.584778,NaN,NaN,308.039,395.91916,346.1833,241.9978,254.26889,452.8143,209.91917,433.55487,272.826,480.61285,471.00287,157.32224,262.39307,554.21423,189.02467,539.4209,295.19324,464.84558,180.57138,372.7159,259.6085,410.2753,220.44434,390.15118,309.75058,341.79794,281.69766,327.21317,
1761241922884,SQUAT,46.326782,20.813599,17.835876,13.910522,94.43622,21.987885,13.840576,NaN,NaN,310.51163,380.63898,334.3122,241.59909,255.2981,442.30255,210.234,421.48895,275.75433,481.48175,463.64587,163.90703,262.5873,558.55096,189.0772,544.64044,299.7888,451.76398,176.17908,357.32776,261.7254,400.99594,217.24309,379.00806,309.86853,327.8564,283.92844,314.01584,
1761241922958,SQUAT,46.93817,19.011871,18.460815,9.40332,98.84079,21.172089,15.4895935,NaN,NaN,311.28574,367.8099,320.87173,241.34274,255.4029,431.66623,210.608,412.65436,279.50757,481.32428,462.86346,161.4697,262.47162,555.4627,189.70605,546.0594,303.20114,440.98666,176.63713,342.14587,266.6327,392.14624,219.4163,370.97415,311.5714,312.5291,285.6418,297.03952,
1761241923023,SQUAT,50.49527,17.492767,15.472839,7.6209106,95.9534,20.313232,15.7222595,NaN,NaN,313.9484,358.20398,307.7087,239.11572,255.492,421.694,209.21277,404.20123,282.86853,478.73428,463.26144,157.42618,262.4912,554.7661,192.069,547.1452,305.58884,429.4707,177.55237,333.5173,264.52176,380.74133,218.63045,360.4281,317.28223,299.5343,286.55518,283.81204,
1761241923097,SQUAT,48.200012,15.675903,10.794434,7.861389,93.11331,19.843811,13.320526,NaN,NaN,316.5316,342.77063,294.57062,239.87547,258.05417,411.72055,210.078,396.04465,284.09302,474.86728,464.07285,159.03242,264.44128,554.3202,189.17392,546.4588,307.80188,419.6196,179.27765,326.5063,266.8428,367.99255,224.48706,348.14874,318.07648,282.1938,288.00107,268.87326,
1761241923168,SQUAT,48.59323,16.24881,12.4422,11.049805,93.902954,25.014893,13.458023,NaN,NaN,320.32718,331.13513,282.5419,243.55032,258.78732,402.60495,211.24037,386.35614,282.8491,472.5722,460.13,160.37935,264.45306,556.29266,189.79745,545.24286,311.6401,405.3349,182.30936,311.43195,276.00024,356.53168,229.49335,331.51678,321.07758,267.6589,291.25156,254.20088,
1761241923249,SQUAT,50.74994,17.664948,14.20929,11.520569,90.49115,19.27069,14.856888,NaN,NaN,324.29318,316.97723,266.2273,247.42355,261.28696,392.80884,212.19955,375.1439,281.6442,468.65662,454.44733,164.0846,265.7735,557.35114,191.81477,545.83057,311.80197,390.59607,184.33322,300.10492,278.0926,335.43457,229.88506,316.16388,325.4024,253.81348,295.4478,238.95659,
1761241923322,SQUAT,47.995728,16.950867,13.707367,7.6749268,83.672485,30.06668,14.101669,NaN,NaN,325.51196,296.35587,248.36014,255.08855,263.05292,380.29102,215.59386,363.34015,278.77863,465.35425,451.64688,166.37747,264.59222,556.46387,194.79807,548.78894,321.92987,363.6859,201.64201,280.01343,296.4654,322.909,242.86494,292.84232,325.61673,239.18079,299.8899,225.07912,
1761241923398,SQUAT,48.98842,16.241089,16.00467,6.8116455,86.99335,29.579742,15.505142,NaN,NaN,324.72968,286.45615,237.46773,249.4655,262.4119,371.38177,213.26872,355.1407,276.22485,463.4383,447.43362,170.7421,264.60718,555.91675,194.98193,549.1051,324.84854,358.22083,197.17244,271.22748,291.87943,310.6561,247.25209,281.07635,327.7413,226.12083,299.91193,210.61569,
1761241923479,SQUAT,47.92906,16.18277,13.462219,6.7963257,91.33731,30.235535,19.213257,NaN,NaN,325.45773,272.9026,224.97353,252.62933,263.4181,363.88412,214.43742,347.70135,272.18695,459.62134,446.15912,171.38434,263.4247,556.7663,193.0861,549.97,328.5215,348.34998,198.85669,257.01266,298.31348,308.03033,242.12723,277.7948,332.24878,215.73505,302.77386,196.52179,
1761241923561,SQUAT,48.43634,15.917847,17.291504,9.334839,91.88313,37.801178,17.461334,NaN,NaN,329.5065,262.7764,214.34006,255.52116,264.71948,355.0264,215.30223,339.10855,268.61835,456.19928,438.90778,174.49002,263.08026,555.4627,191.70795,546.12787,326.6729,338.5243,196.76706,246.64116,301.21033,305.2814,238.1679,267.48022,334.74,203.232,303.44034,185.77066,
1761241923633,SQUAT,48.576004,17.869202,15.451782,5.243225,84.17328,37.736206,18.50354,NaN,NaN,330.93222,256.4697,207.89369,256.79184,267.42227,353.91724,217.84398,336.04803,267.28235,455.70276,440.25098,177.97653,263.39294,551.5786,192.77776,546.3354,323.15326,325.98425,201.67024,241.81097,302.55948,302.14908,243.30594,264.41287,337.51163,194.62036,305.7726,176.11682,
1761241923729,SQUAT,49.970093,17.372467,13.202698,4.587219,86.35237,55.292755,18.43106,NaN,NaN,332.274,248.73695,198.76686,256.90994,266.6401,348.0875,217.9967,330.71503,263.39523,452.23425,439.03156,179.55905,261.5927,550.56433,191.8438,545.9771,323.2454,321.49756,199.77237,235.14519,309.00623,315.82605,242.41293,260.5333,340.64655,188.03333,307.848,169.60226,
1761241923800,SQUAT,50.511612,16.426453,15.135162,1.7148438,83.30472,87.16884,18.657333,NaN,NaN,335.86774,242.43507,191.92346,261.8053,271.3393,340.5464,221.10864,324.11993,263.66382,447.0169,431.88174,183.3266,261.65494,544.5137,192.67923,542.7988,327.09286,308.30856,202.88922,225.00385,320.19263,341.73862,242.86365,254.56978,343.84363,180.72452,310.69443,162.06718,
1761241923877,SQUAT,55.563446,20.366394,10.290985,1.2258911,97.318985,57.203705,19.556808,NaN,NaN,337.80344,244.25824,188.6948,262.9543,270.67538,342.00012,221.54556,321.63373,263.24796,445.94055,435.64957,186.72488,262.979,544.1149,193.01938,542.88904,323.5289,318.57684,204.2338,221.25786,307.43423,308.8873,242.75397,251.6836,347.7026,176.40518,315.11792,156.84837,
1761241923949,SQUAT,52.163986,20.156738,8.937164,3.661438,87.10278,75.20175,19.746124,NaN,NaN,340.53226,239.30646,187.14247,266.47034,270.9432,339.815,222.21175,319.65826,265.56958,445.49603,436.55887,186.44199,263.59122,542.1714,194.77547,545.8328,322.47253,308.47134,209.19418,221.36856,312.7461,325.24103,249.63243,250.03928,351.12927,174.81989,317.75974,155.07376,
1761241924049,SQUAT,56.46541,19.11679,7.670532,0.42248535,88.67494,86.82901,20.915344,NaN,NaN,338.26022,241.62459,185.15918,267.4967,271.1647,336.19595,224.39267,317.07916,265.63828,442.14044,434.4699,186.11761,263.0664,544.39,196.58456,544.8125,324.18832,312.11047,207.4833,223.43553,314.98038,336.7651,250.75528,249.9361,350.97397,175.4143,318.99738,154.49896,
1761241924113,SQUAT,54.4339,18.684875,11.33493,1.3634644,92.49408,88.441986,21.059464,NaN,NaN,340.84967,240.87299,186.43909,269.11844,272.1822,340.25873,224.01628,321.57385,264.76724,445.74374,434.4088,187.35666,263.06125,544.866,194.6924,546.2295,326.42123,312.7045,209.62018,220.21042,321.46158,339.51233,245.14357,251.07034,353.32626,175.21834,320.70032,154.15887,
1761241924197,SQUAT,54.712585,16.772339,11.503479,0.006713867,88.00607,93.91116,20.241638,NaN,NaN,340.68417,240.20041,185.48782,270.29935,274.60806,338.62064,224.98863,321.8483,265.03403,446.81735,435.31387,187.79271,262.97797,544.49084,196.66124,544.49756,326.09903,310.61115,211.20921,222.60507,323.24182,344.12286,251.43039,250.2117,354.1829,173.90259,322.64636,153.66095,
1761241924269,SQUAT,53.564835,17.06607,10.334869,0.5617676,87.87883,96.99701,20.981903,NaN,NaN,342.2343,240.4248,186.85997,271.78397,274.70456,338.69675,226.33157,321.63068,266.79276,445.29678,434.9619,188.75186,263.43817,546.1903,195.04362,545.62854,330.22092,305.65616,212.51727,217.77733,325.5164,345.77664,249.16103,248.77963,354.0709,176.1757,321.64798,155.1938,
1761241924350,SQUAT,54.231613,17.018524,10.943298,0.23260498,83.920746,94.83804,20.57489,NaN,NaN,343.46805,239.58238,185.35077,270.72934,274.9984,336.9505,226.67697,319.93198,266.884,444.04968,433.10638,188.8231,263.35336,545.36914,197.79553,545.60175,331.8503,305.79266,211.84393,221.87192,325.40417,343.27847,249.61356,248.44043,355.51428,175.15068,323.46555,154.57579,
1761241924430,SQUAT,54.197876,19.368164,11.0460205,2.6416016,84.95438,82.95111,20.791092,NaN,NaN,341.95978,238.53973,184.34186,271.7207,275.59708,334.67657,229.84935,315.3084,266.76898,441.6756,430.62958,189.4513,263.27353,545.489,195.53233,542.8474,324.82214,306.10797,211.8156,221.1536,316.9018,333.2521,254.75487,250.301,355.1974,175.95274,324.02176,155.16165,
1761241924518,SQUAT,54.82312,17.831818,10.980591,0.2581787,84.33951,92.48071,21.564468,NaN,NaN,342.47662,239.71426,184.89114,269.85736,275.6415,339.48828,227.62372,321.65646,266.4769,447.13687,436.15628,189.13226,263.96378,543.7139,198.16127,543.9721,329.38614,309.36136,208.3335,225.02185,324.46677,346.1834,256.89694,253.7027,356.40262,176.87729,324.70883,155.31282,
1761241924596,SQUAT,53.765823,15.883759,10.087921,0.7123413,85.27942,82.94113,20.992477,NaN,NaN,343.68988,239.82196,186.05614,271.61575,275.6552,335.10974,228.23985,319.22598,266.66257,442.64587,432.55795,190.49146,263.3133,542.7673,196.08203,543.4796,325.63843,308.84424,212.28436,223.56482,319.80826,335.10645,257.29575,252.16531,357.64847,176.88087,325.05792,155.8884,
1761241924670,SQUAT,54.49637,15.031769,11.257294,0.670166,88.19252,91.38199,21.068619,NaN,NaN,342.03128,240.31924,185.82288,272.5382,275.52728,336.42523,228.27032,321.39346,266.5844,444.96158,433.70428,190.19708,264.3962,546.24066,198.51343,546.9108,329.46002,309.8671,210.53867,221.67458,326.1371,343.8803,258.7793,252.49832,356.23407,177.47017,324.5756,156.40155,
1761241924754,SQUAT,54.65703,14.8090515,12.048157,1.0120239,87.177795,90.86131,21.654587,NaN,NaN,341.25897,239.9868,185.32977,272.4513,275.04926,335.94678,227.7356,321.13773,266.1131,445.07123,433.02307,189.56873,264.1742,546.13416,196.48375,545.12213,326.39572,308.12762,209.91583,220.94983,325.50806,341.5994,258.0923,250.73808,355.51328,178.72955,324.37448,157.07497,
1761241924835,SQUAT,58.13768,15.772278,10.249664,0.21972656,88.37819,94.33316,22.181366,NaN,NaN,340.28003,243.31703,185.17935,272.61078,273.4843,334.15765,227.11107,318.38538,265.6578,442.84412,432.59445,187.99269,262.80292,544.35974,196.45032,544.57947,326.71783,310.3046,211.54193,221.9264,326.31763,344.45358,255.19601,250.12042,354.9807,180.51544,324.35138,158.33408,
1761241924914,SQUAT,56.601578,15.233276,10.865814,0.4588623,95.22891,28.595016,23.330353,NaN,NaN,340.35873,242.53189,185.93031,273.20892,273.42502,333.0323,227.36717,317.799,266.19443,442.16647,431.30066,189.31229,263.77484,545.31494,194.95943,545.7738,323.29318,314.95245,211.70743,219.72354,317.85703,278.83704,257.11118,250.24202,354.58398,182.38147,325.31628,159.05112,
1761241924990,SQUAT,59.57109,17.54486,10.003815,0.6669922,100.71097,82.208405,23.259659,NaN,NaN,340.88235,246.935,187.3639,272.4054,268.5388,336.86887,224.65474,319.324,266.0291,441.45187,431.44806,187.21237,264.76535,544.643,193.55623,545.31,328.91745,320.3934,205.6398,219.68243,319.6066,332.64282,251.85179,250.43442,358.72644,184.23529,327.278,160.97563,
1761241925086,SQUAT,56.70224,16.829865,12.802429,0.9382324,91.70453,80.60449,23.46202,NaN,NaN,342.6783,242.74011,186.03787,275.16608,270.22864,336.49734,224.56393,319.66748,267.18265,444.878,432.07556,183.98473,263.71014,544.80145,194.36664,543.8632,332.00632,306.25168,207.91063,214.54715,321.29767,326.96378,253.72098,246.35928,357.71112,186.38248,328.80847,162.92046,
1761241925167,SQUAT,57.701263,18.365204,12.824738,3.331482,96.08946,94.23877,23.508698,NaN,NaN,343.37503,245.91522,188.21396,277.07263,269.38956,338.0882,222.79391,319.723,266.572,445.69037,432.86563,183.72348,263.28964,547.0769,194.09924,543.7454,335.72717,313.85114,212.71806,217.76167,326.01846,343.79483,253.84003,249.55606,358.52026,189.75012,329.86334,166.24142,
1761241925237,SQUAT,57.14772,21.34021,14.2283325,6.7354736,98.874176,89.36563,23.241196,NaN,NaN,342.9561,250.137,192.98927,278.29697,266.24463,339.92725,221.00114,318.58704,266.91656,446.6742,432.44586,184.27684,263.5629,549.8445,193.15254,543.109,335.37552,318.42105,214.85753,219.54688,324.74164,340.82745,253.35036,251.46182,358.09787,193.87177,330.91855,170.63057,
1761241925315,SQUAT,51.744263,19.577118,18.48645,5.121277,88.70085,83.82626,23.249664,NaN,NaN,345.11362,251.88889,200.14462,282.668,264.64334,340.49512,222.00623,320.918,273.073,450.43625,431.9498,181.90509,263.86963,548.94073,192.69873,543.81946,334.56525,316.7478,215.66154,228.04695,324.3377,343.9383,261.40295,260.11203,358.94046,201.18213,332.7184,177.93246,
1761241925388,SQUAT,55.48607,17.354065,15.528442,1.3729858,94.06668,31.904236,22.437897,NaN,NaN,344.91833,261.3202,205.83412,284.41354,263.74146,343.70175,218.65103,326.3477,274.82175,445.69366,430.16522,176.53484,263.04965,546.1563,193.34074,544.7833,329.07974,331.8193,220.88843,237.75262,322.00595,299.3009,264.50302,267.39667,361.8806,210.00089,336.22974,187.56299,
1761241925470,SQUAT,61.82936,20.208984,15.272583,12.585144,107.48761,27.445068,24.112457,NaN,NaN,342.98883,275.04324,213.21388,282.4779,262.42947,349.78088,217.1497,329.5719,273.97525,452.29987,437.02728,173.44878,261.03708,556.45593,191.30247,543.8708,324.67172,346.86383,218.42163,239.37622,313.1144,302.7972,266.9893,275.35214,360.93478,220.90625,335.78287,196.7938,
1761241925554,SQUAT,61.588043,18.726837,17.973602,12.796265,113.16266,33.8526,24.543488,NaN,NaN,340.0851,284.26508,222.67703,282.79498,261.25916,353.13483,217.29039,334.408,275.05972,448.57666,430.60306,171.71951,263.49332,555.0684,190.48868,542.27216,325.40677,359.40747,219.53331,246.24481,324.31354,317.1492,268.55023,283.2966,360.59656,231.68048,337.24893,207.137,
1761241925636,SQUAT,64.40964,21.281647,19.188538,10.518372,115.74602,35.817963,24.837845,NaN,NaN,341.13058,296.53635,232.12671,282.62323,258.40546,364.15216,214.56754,342.8705,274.50787,456.15176,436.96323,173.48387,265.00314,555.0019,191.51157,544.4835,321.32083,371.07727,218.50659,255.33125,315.28784,330.17093,270.38113,294.35297,360.64865,242.40807,336.37317,217.57022,
1761241925707,SQUAT,63.22661,19.884766,18.89798,12.29895,116.180115,36.74951,23.36914,NaN,NaN,334.6687,306.78534,243.55873,281.91458,257.17953,371.13745,212.69011,351.2527,275.4868,459.9271,441.0291,166.97476,265.4812,554.92017,190.05856,542.6212,319.34833,384.31256,217.1467,268.13245,311.8765,342.63074,272.32114,305.88123,356.75546,253.75008,334.6529,230.38094,
1761241925786,SQUAT,66.27115,23.1557,23.132874,9.860352,126.04587,32.68524,25.832092,NaN,NaN,336.00552,322.6979,256.42676,278.40616,256.03094,378.6711,213.86543,355.5154,272.6847,462.274,439.1411,168.2067,262.97916,552.5071,191.71599,542.6467,322.69238,401.88416,212.26709,275.8383,308.25888,352.14154,269.4664,319.4563,354.39215,269.65262,329.50122,243.82053,
1761241925886,SQUAT,64.17496,19.960144,10.463135,11.363159,124.61731,32.27176,23.426758,NaN,NaN,335.44324,334.31583,270.14087,275.6672,254.09285,388.05603,208.22917,368.0959,269.4809,461.16632,450.7032,159.09279,261.81088,555.4117,194.16966,544.0485,323.84216,409.8216,209.57776,285.20428,307.43857,363.60266,266.98608,331.3309,350.07156,281.4759,326.46817,258.04913,
1761241925953,SQUAT,59.885254,24.69754,19.151031,20.477234,119.51819,16.776062,23.977234,NaN,NaN,331.29126,344.93732,285.05206,272.56677,254.2012,397.73715,210.71751,373.0396,264.9837,469.69455,450.54352,159.28017,260.21106,558.5813,188.97078,538.10406,329.50024,416.9776,207.73627,297.4594,314.65125,362.8854,265.4792,346.10934,347.1482,296.12106,324.1547,272.14383,
1761241926026,SQUAT,56.11017,24.083618,28.088684,18.144592,124.24481,23.557037,21.194733,NaN,NaN,330.39914,356.14825,300.0381,270.4785,253.66891,407.21124,210.6553,383.12762,264.56168,475.96045,447.87177,160.79816,260.047,558.4418,189.12897,540.2972,329.66037,434.65015,200.7147,310.40533,307.4727,387.4126,263.32193,363.85556,343.77365,311.17752,323.0938,289.9828,
1761241926104,SQUAT,59.929626,21.500336,28.90686,18.833008,127.274475,32.789673,21.29898,NaN,NaN,329.17355,372.5605,312.63086,270.8339,252.18681,416.82446,208.4956,395.32413,264.45084,473.22708,444.32022,168.37517,258.29938,559.92786,189.40466,541.09485,324.36496,448.1073,201.10335,320.83282,304.76227,407.8111,263.00293,375.02142,336.52042,329.00333,320.56543,307.70435,
1761241926188,SQUAT,65.34131,28.394287,21.718292,17.254517,136.74005,35.32599,28.041412,NaN,NaN,327.3911,388.85413,323.51282,269.31982,253.93098,431.31354,210.0246,402.91925,268.27582,461.23993,439.52164,175.25096,252.69202,554.87787,193.89761,537.62335,322.41757,466.47717,200.08957,329.73712,297.9688,422.37152,262.83844,387.04553,335.83997,348.01288,313.52875,319.97147,
1761241926267,SQUAT,64.382385,24.22641,26.67337,21.717957,141.81754,41.101807,29.245636,NaN,NaN,324.733,399.11255,334.73016,270.2559,258.5381,441.34644,213.86244,417.12003,268.71158,474.47006,447.7967,170.24165,255.72496,558.0365,191.43062,536.31854,319.5191,477.48245,201.3917,335.66492,295.59216,437.89117,259.73013,396.78937,335.5923,359.96097,311.6772,330.71533,
1761241926349,SQUAT,66.46976,27.307251,29.260803,20.396545,143.2179,37.83017,28.812103,NaN,NaN,320.98062,413.26465,346.7949,267.577,253.01251,459.88727,211.70213,432.58002,272.55954,483.27298,454.01218,165.8792,258.02643,560.22076,192.67416,539.8242,316.26334,485.84253,201.91177,342.62463,294.0138,442.6038,257.19147,404.77362,333.0249,370.74405,310.4403,341.93195,
1761241926406,SQUAT,66.405334,26.554565,30.128937,18.945496,147.2482,42.37735,28.210876,NaN,NaN,322.51797,425.82352,359.41818,265.83167,259.89197,472.27658,217.3527,445.72202,268.05606,488.53134,458.4024,156.59778,259.89883,556.28186,194.42776,537.33636,314.823,498.39722,206.7005,351.14902,296.00024,457.88837,260.24954,415.51102,329.52322,382.34607,304.32834,354.1352,
1761241926474,SQUAT,64.53531,23.764313,37.349457,17.729614,129.77563,42.88907,28.130829,NaN,NaN,318.7099,433.1872,368.6519,260.6234,250.91916,482.35962,209.07843,458.5953,264.3482,491.3193,453.96985,175.81482,258.1092,559.1747,195.23291,541.44507,308.95032,489.8187,210.99974,360.04306,294.0095,467.6514,265.121,424.76233,325.98257,390.49304,300.5994,362.3622,
1761241926547,SQUAT,64.9527,27.87912,54.89389,10.665588,134.83405,50.547516,28.595367,NaN,NaN,315.18976,442.67847,377.72577,258.07947,249.8681,493.73602,210.84921,465.8569,252.2232,510.3968,455.5029,155.90015,253.74481,553.62103,194.77255,542.95544,303.73404,507.7876,213.59647,372.95355,288.91098,484.00348,263.677,433.45596,322.57495,399.64938,297.72195,371.05402,
1761241926630,SQUAT,64.46954,30.980804,76.46213,17.103333,137.62433,50.548584,30.09842,NaN,NaN,314.4945,449.5733,385.10376,259.0768,248.48477,502.4389,213.23665,471.4581,261.65582,522.9441,446.48196,174.49025,258.67474,557.7549,196.47365,540.65155,301.82892,514.94824,210.44968,377.3239,286.53033,490.84213,261.73376,440.29355,322.21088,408.4096,295.8609,378.3112,
1761241926697,SQUAT,61.65576,26.049805,72.4465,14.789124,123.96542,54.543518,27.6792,NaN,NaN,314.64014,449.0578,387.40204,262.11694,248.59529,498.65433,212.16002,472.60452,247.86543,527.497,455.0505,155.68483,254.06087,554.8754,196.06593,540.0863,299.57248,507.6816,210.44075,383.7162,289.60913,495.05493,255.90598,440.5114,322.19025,410.22473,294.73038,382.54553,
1761241926755,SQUAT,64.079346,25.64685,68.90811,13.229004,136.63547,57.967743,27.742126,NaN,NaN,313.7753,451.94604,387.8667,263.23138,247.51762,500.6123,211.15292,474.96545,245.7895,518.1449,449.2368,169.05435,243.91745,554.39557,196.00172,541.16656,304.53656,515.3974,213.96242,378.76193,285.08002,493.36328,254.60463,435.39554,320.22067,411.54468,294.14468,383.80255,
1761241926825,SQUAT,62.04419,25.44992,66.871,14.522461,136.37143,57.47058,29.204468,NaN,NaN,312.88855,452.17343,390.12924,262.54062,247.69318,504.01227,213.23518,478.56235,243.57468,524.0022,457.1312,157.58777,242.49579,556.75385,196.82477,542.2314,302.70193,517.3962,213.75078,381.02475,283.4169,493.20898,254.3333,435.7384,320.04822,413.22058,292.92993,384.0161,
1761241926906,SQUAT,61.35898,26.728912,65.62726,18.569946,131.84882,55.44803,27.818878,NaN,NaN,311.98923,449.19647,387.8375,258.7653,247.09338,504.44217,210.51756,477.71326,237.5488,524.52484,458.89758,153.36053,243.04813,559.3505,199.49565,540.7806,310.12302,519.66254,209.01683,387.81372,282.6972,493.6206,254.50476,438.17258,317.73755,409.58356,292.11224,381.76468,
1761241926968,SQUAT,60.80716,26.562103,58.244934,22.07544,135.66122,50.01117,27.067291,NaN,NaN,312.5795,450.04236,389.2352,259.66763,246.4765,505.1439,209.05394,478.5818,223.07755,521.09045,462.84552,154.8829,232.50699,562.046,201.74547,539.9706,309.1896,524.213,207.24214,388.5518,279.34402,490.4868,257.11932,440.47562,316.09396,407.71045,288.53552,380.64316,
1761241927050,SQUAT,62.375366,29.777557,49.31201,15.080811,141.93942,43.37784,26.081818,NaN,NaN,309.9584,452.00177,389.6264,252.55537,243.55376,510.29663,207.32724,480.51907,235.00064,512.62384,463.31183,150.46532,219.61687,558.14197,205.69762,543.06116,309.05093,526.6849,200.29642,384.74545,280.5846,478.09158,253.78085,434.71375,313.51535,405.68658,285.4535,379.60477,
1761241927106,SQUAT,60.75595,30.089386,53.706177,16.839722,139.02148,38.365906,25.437683,NaN,NaN,309.15155,447.33853,386.58258,247.52243,245.83969,506.25055,208.39209,476.16116,241.65236,517.1776,463.47144,151.13422,241.22186,554.979,205.24512,538.1393,307.13123,520.08203,199.2308,381.06055,278.7879,468.61618,255.13092,430.25027,308.69595,402.89557,280.39514,377.4579,
1761241927177,SQUAT,59.24518,25.660492,63.81482,15.42981,112.24045,41.40976,25.845337,NaN,NaN,307.43674,441.39655,382.15137,245.50896,248.50238,497.79004,210.02713,472.12955,253.48088,525.0308,461.216,151.83206,254.29747,559.152,199.07646,543.72217,304.7729,512.9999,194.98573,400.75943,276.88657,465.88626,255.08684,424.4765,308.9779,398.6493,280.0054,372.80396,
1761241927242,SQUAT,58.138794,23.900177,57.453064,20.0177,81.74121,32.671265,23.734741,NaN,NaN,306.24783,433.9411,375.8023,248.41687,246.90845,491.08914,208.59708,467.18896,262.04108,519.52954,462.07648,148.49327,255.78699,563.2628,192.41675,543.2451,297.06473,479.12967,203.03954,397.38846,276.93085,449.5525,252.33934,416.88123,308.56616,390.77792,281.52533,367.04318,
1761241927325,SQUAT,59.53116,26.484894,60.113586,14.772034,85.14401,22.088623,25.93396,NaN,NaN,306.2352,431.36612,371.83496,250.71187,246.81544,486.97067,208.3204,460.48578,258.43845,512.9448,452.83124,160.37103,259.78845,556.57434,190.42358,541.8023,275.49066,487.63684,196.5918,402.49283,247.76262,430.3502,249.40126,408.26157,312.17206,385.77744,283.33655,359.84348,
1761241927387,SQUAT,64.675446,31.437958,44.020203,15.60498,110.26099,25.002197,24.907043,NaN,NaN,302.58942,427.64526,362.96982,249.74196,247.29475,483.05176,211.20093,451.6138,229.4522,500.6969,456.6767,158.33725,253.08835,554.93994,194.79587,539.33496,256.9165,480.10022,189.60283,369.83923,241.52905,417.6286,233.74171,392.6264,310.35724,378.8806,281.80933,353.97357,
1761241927456,SQUAT,65.73651,24.985504,35.594635,21.794312,115.90192,33.649567,26.270111,NaN,NaN,300.1516,417.22998,351.49347,247.75305,244.70918,471.84872,208.0676,446.86322,234.88547,496.97845,461.38382,158.42705,252.71736,559.3357,195.6387,537.5414,248.66306,465.64877,188.14955,349.74686,239.61427,404.18033,230.88422,370.53076,309.73285,367.00742,284.29822,340.7373,
1761241927545,SQUAT,63.761475,24.796051,21.947998,19.557007,116.21567,26.898773,25.362549,NaN,NaN,298.72043,404.0065,340.24503,246.76633,247.66467,457.33575,210.2924,432.5397,243.52786,478.0241,456.0761,166.02133,256.96408,561.3656,198.00742,541.8086,242.90883,451.99796,180.51064,335.7823,232.40706,392.3132,222.15532,365.41443,309.59177,355.39453,281.0483,330.03198,
1761241927601,SQUAT,61.243347,28.315216,37.82782,17.018738,117.37253,27.532654,24.292694,NaN,NaN,298.79153,391.576,330.33264,250.7562,249.17299,450.30545,212.47098,421.99023,226.39432,495.3278,457.49997,166.28651,257.5238,557.4916,197.09558,540.47284,244.65883,443.8417,180.62149,326.46918,228.70734,382.87408,221.0547,355.34143,312.12793,342.13568,285.3763,317.843,
1761241927677,SQUAT,58.492584,25.459839,16.679596,13.981995,133.82654,40.869934,21.190796,NaN,NaN,305.74927,374.16263,315.67004,252.0745,247.93176,435.2694,209.87398,409.80957,242.29706,468.0901,451.4105,169.07364,258.7249,554.23254,194.42696,540.25055,257.1392,429.9957,179.92058,296.16916,230.18369,381.96326,210.12608,341.09332,314.95215,324.8547,290.61395,303.6639,
1761241927752,SQUAT,57.743042,20.273773,27.777649,15.511475,137.0122,47.24893,17.93332,NaN,NaN,309.3525,362.44724,304.7042,254.19705,250.36789,424.7632,212.75545,404.48944,251.33423,485.54626,457.76862,169.17493,260.7175,558.38385,199.02113,542.8724,266.75455,421.18243,178.49213,284.17023,226.37753,377.69193,204.24634,330.443,316.37296,305.9894,292.98013,288.0561,
1761241927820,SQUAT,55.327637,21.409851,20.371338,15.183838,130.03427,43.099457,17.117676,NaN,NaN,312.7825,344.82147,289.49384,246.60399,252.59131,414.02753,208.97382,392.61768,255.91805,481.7318,461.36047,170.5216,261.3633,558.87134,198.42557,543.6875,276.88745,406.93463,178.49236,276.90036,231.24188,366.25217,202.05243,323.1527,320.12964,288.16266,295.38507,271.04498,
1761241927872,SQUAT,52.218567,19.7872,19.96045,7.757263,123.247986,36.643738,14.671326,NaN,NaN,313.93863,329.91736,277.6988,249.09596,252.54764,401.17978,209.64146,381.39258,257.3496,472.94003,452.97958,172.58511,261.07578,553.44574,198.82697,545.6885,284.804,394.50525,182.79948,271.25726,231.80911,355.20264,202.41429,318.5589,322.64853,269.96487,297.5149,255.29355,
1761241927946,SQUAT,53.439148,21.024384,22.642761,6.8186646,119.12393,37.816956,15.796082,NaN,NaN,318.1967,315.84885,262.4097,252.04805,253.78879,390.56686,211.37018,369.54248,257.38483,468.5559,445.91315,179.2821,260.41983,554.2197,197.40793,547.40106,287.97632,380.86026,189.74387,261.73633,239.58092,342.9099,202.67993,305.09296,325.4944,255.84045,300.7645,240.04437,
1761241928013,SQUAT,57.46486,22.280426,22.833862,7.2420654,120.240814,33.065308,17.664413,NaN,NaN,321.40924,302.84717,245.38231,254.29665,255.58757,379.9135,212.03731,357.6331,260.13843,469.21527,446.3814,181.1008,260.48,552.4867,196.66643,545.2446,288.44064,372.57526,189.55669,252.33444,241.08101,328.92297,207.67398,295.85767,327.64487,241.99486,303.74915,224.33044,
